Temporada,Div,Fecha,Equipo_L,Equipo_V,Goles_L,Goles_V,Resultados
2016,SP1,19/08/2016,La Coruna,Eibar,2,1,H
2016,SP1,19/08/2016,Malaga,Osasuna,1,1,D
2016,SP1,20/08/2016,Barcelona,Betis,6,2,H
2016,SP1,20/08/2016,Granada,Villarreal,1,1,D
2016,SP1,20/08/2016,Sevilla,Espanol,6,4,H
2016,SP1,21/08/2016,Ath Madrid,Alaves,1,1,D
2016,SP1,21/08/2016,Sociedad,Real Madrid,0,3,A
2016,SP1,21/08/2016,Sp Gijon,Ath Bilbao,2,1,H
2016,SP1,22/08/2016,Celta,Leganes,0,1,A
2016,SP1,22/08/2016,Valencia,Las Palmas,2,4,A
2016,SP1,26/08/2016,Betis,La Coruna,0,0,D
2016,SP1,26/08/2016,Espanol,Malaga,2,2,D
2016,SP1,27/08/2016,Eibar,Valencia,1,0,H
2016,SP1,27/08/2016,Leganes,Ath Madrid,0,0,D
2016,SP1,27/08/2016,Osasuna,Sociedad,0,2,A
2016,SP1,27/08/2016,Real Madrid,Celta,2,1,H
2016,SP1,28/08/2016,Alaves,Sp Gijon,0,0,D
2016,SP1,28/08/2016,Ath Bilbao,Barcelona,0,1,A
2016,SP1,28/08/2016,Las Palmas,Granada,5,1,H
2016,SP1,28/08/2016,Villarreal,Sevilla,0,0,D
2016,SP1,09/09/2016,Sociedad,Espanol,1,1,D
2016,SP1,10/09/2016,Barcelona,Alaves,1,2,A
2016,SP1,10/09/2016,Celta,Ath Madrid,0,4,A
2016,SP1,10/09/2016,Malaga,Villarreal,0,2,A
2016,SP1,10/09/2016,Real Madrid,Osasuna,5,2,H
2016,SP1,10/09/2016,Sevilla,Las Palmas,2,1,H
2016,SP1,11/09/2016,Granada,Eibar,1,2,A
2016,SP1,11/09/2016,La Coruna,Ath Bilbao,0,1,A
2016,SP1,11/09/2016,Sp Gijon,Leganes,2,1,H
2016,SP1,11/09/2016,Valencia,Betis,2,3,A
2016,SP1,16/09/2016,Betis,Granada,2,2,D
2016,SP1,17/09/2016,Ath Madrid,Sp Gijon,5,0,H
2016,SP1,17/09/2016,Eibar,Sevilla,1,1,D
2016,SP1,17/09/2016,Las Palmas,Malaga,1,0,H
2016,SP1,17/09/2016,Leganes,Barcelona,1,5,A
2016,SP1,18/09/2016,Ath Bilbao,Valencia,2,1,H
2016,SP1,18/09/2016,Espanol,Real Madrid,0,2,A
2016,SP1,18/09/2016,Osasuna,Celta,0,0,D
2016,SP1,18/09/2016,Villarreal,Sociedad,2,1,H
2016,SP1,19/09/2016,Alaves,La Coruna,0,0,D
2016,SP1,20/09/2016,Malaga,Eibar,2,1,H
2016,SP1,20/09/2016,Sevilla,Betis,1,0,H
2016,SP1,21/09/2016,Barcelona,Ath Madrid,1,1,D
2016,SP1,21/09/2016,Celta,Sp Gijon,2,1,H
2016,SP1,21/09/2016,Granada,Ath Bilbao,1,2,A
2016,SP1,21/09/2016,Real Madrid,Villarreal,1,1,D
2016,SP1,21/09/2016,Sociedad,Las Palmas,4,1,H
2016,SP1,22/09/2016,La Coruna,Leganes,1,2,A
2016,SP1,22/09/2016,Osasuna,Espanol,1,2,A
2016,SP1,22/09/2016,Valencia,Alaves,2,1,H
2016,SP1,23/09/2016,Betis,Malaga,1,0,H
2016,SP1,24/09/2016,Ath Bilbao,Sevilla,3,1,H
2016,SP1,24/09/2016,Eibar,Sociedad,2,0,H
2016,SP1,24/09/2016,Las Palmas,Real Madrid,2,2,D
2016,SP1,24/09/2016,Sp Gijon,Barcelona,0,5,A
2016,SP1,25/09/2016,Ath Madrid,La Coruna,1,0,H
2016,SP1,25/09/2016,Espanol,Celta,0,2,A
2016,SP1,25/09/2016,Leganes,Valencia,1,2,A
2016,SP1,25/09/2016,Villarreal,Osasuna,3,1,H
2016,SP1,26/09/2016,Alaves,Granada,3,1,H
2016,SP1,30/09/2016,Sociedad,Betis,1,0,H
2016,SP1,01/10/2016,Granada,Leganes,0,1,A
2016,SP1,01/10/2016,La Coruna,Sp Gijon,2,1,H
2016,SP1,01/10/2016,Osasuna,Las Palmas,2,2,D
2016,SP1,01/10/2016,Sevilla,Alaves,2,1,H
2016,SP1,02/10/2016,Celta,Barcelona,4,3,H
2016,SP1,02/10/2016,Espanol,Villarreal,0,0,D
2016,SP1,02/10/2016,Malaga,Ath Bilbao,2,1,H
2016,SP1,02/10/2016,Real Madrid,Eibar,1,1,D
2016,SP1,02/10/2016,Valencia,Ath Madrid,0,2,A
2016,SP1,14/10/2016,Las Palmas,Espanol,0,0,D
2016,SP1,15/10/2016,Ath Madrid,Granada,7,1,H
2016,SP1,15/10/2016,Barcelona,La Coruna,4,0,H
2016,SP1,15/10/2016,Betis,Real Madrid,1,6,A
2016,SP1,15/10/2016,Leganes,Sevilla,2,3,A
2016,SP1,16/10/2016,Alaves,Malaga,1,1,D
2016,SP1,16/10/2016,Ath Bilbao,Sociedad,3,2,H
2016,SP1,16/10/2016,Sp Gijon,Valencia,1,2,A
2016,SP1,16/10/2016,Villarreal,Celta,5,0,H
2016,SP1,17/10/2016,Eibar,Osasuna,2,3,A
2016,SP1,21/10/2016,Osasuna,Betis,1,2,A
2016,SP1,22/10/2016,Espanol,Eibar,3,3,D
2016,SP1,22/10/2016,Granada,Sp Gijon,0,0,D
2016,SP1,22/10/2016,Sociedad,Alaves,3,0,H
2016,SP1,22/10/2016,Valencia,Barcelona,2,3,A
2016,SP1,23/10/2016,Celta,La Coruna,4,1,H
2016,SP1,23/10/2016,Malaga,Leganes,4,0,H
2016,SP1,23/10/2016,Real Madrid,Ath Bilbao,2,1,H
2016,SP1,23/10/2016,Sevilla,Ath Madrid,1,0,H
2016,SP1,23/10/2016,Villarreal,Las Palmas,2,1,H
2016,SP1,28/10/2016,Leganes,Sociedad,0,2,A
2016,SP1,29/10/2016,Alaves,Real Madrid,1,4,A
2016,SP1,29/10/2016,Ath Madrid,Malaga,4,2,H
2016,SP1,29/10/2016,Barcelona,Granada,1,0,H
2016,SP1,29/10/2016,Sp Gijon,Sevilla,1,1,D
2016,SP1,30/10/2016,Ath Bilbao,Osasuna,1,1,D
2016,SP1,30/10/2016,Betis,Espanol,0,1,A
2016,SP1,30/10/2016,Eibar,Villarreal,2,1,H
2016,SP1,30/10/2016,Las Palmas,Celta,3,3,D
2016,SP1,31/10/2016,La Coruna,Valencia,1,1,D
2016,SP1,04/11/2016,Malaga,Sp Gijon,3,2,H
2016,SP1,05/11/2016,Granada,La Coruna,1,1,D
2016,SP1,05/11/2016,Las Palmas,Eibar,1,0,H
2016,SP1,05/11/2016,Osasuna,Alaves,0,1,A
2016,SP1,05/11/2016,Sociedad,Ath Madrid,2,0,H
2016,SP1,06/11/2016,Celta,Valencia,2,1,H
2016,SP1,06/11/2016,Espanol,Ath Bilbao,0,0,D
2016,SP1,06/11/2016,Real Madrid,Leganes,3,0,H
2016,SP1,06/11/2016,Sevilla,Barcelona,1,2,A
2016,SP1,06/11/2016,Villarreal,Betis,2,0,H
2016,SP1,18/11/2016,Betis,Las Palmas,2,0,H
2016,SP1,19/11/2016,Ath Madrid,Real Madrid,0,3,A
2016,SP1,19/11/2016,Barcelona,Malaga,0,0,D
2016,SP1,19/11/2016,Eibar,Celta,1,0,H
2016,SP1,19/11/2016,La Coruna,Sevilla,2,3,A
2016,SP1,20/11/2016,Alaves,Espanol,0,1,A
2016,SP1,20/11/2016,Ath Bilbao,Villarreal,1,0,H
2016,SP1,20/11/2016,Sp Gijon,Sociedad,1,3,A
2016,SP1,20/11/2016,Valencia,Granada,1,1,D
2016,SP1,21/11/2016,Leganes,Osasuna,2,0,H
2016,SP1,25/11/2016,Eibar,Betis,3,1,H
2016,SP1,26/11/2016,Espanol,Leganes,3,0,H
2016,SP1,26/11/2016,Malaga,La Coruna,4,3,H
2016,SP1,26/11/2016,Real Madrid,Sp Gijon,2,1,H
2016,SP1,26/11/2016,Sevilla,Valencia,2,1,H
2016,SP1,27/11/2016,Celta,Granada,3,1,H
2016,SP1,27/11/2016,Osasuna,Ath Madrid,0,3,A
2016,SP1,27/11/2016,Sociedad,Barcelona,1,1,D
2016,SP1,27/11/2016,Villarreal,Alaves,0,2,A
2016,SP1,28/11/2016,Las Palmas,Ath Bilbao,3,1,H
2016,SP1,03/12/2016,Ath Madrid,Espanol,0,0,D
2016,SP1,03/12/2016,Barcelona,Real Madrid,1,1,D
2016,SP1,03/12/2016,Granada,Sevilla,2,1,H
2016,SP1,03/12/2016,Leganes,Villarreal,0,0,D
2016,SP1,04/12/2016,Alaves,Las Palmas,1,1,D
2016,SP1,04/12/2016,Ath Bilbao,Eibar,3,1,H
2016,SP1,04/12/2016,Betis,Celta,3,3,D
2016,SP1,04/12/2016,Sp Gijon,Osasuna,3,1,H
2016,SP1,04/12/2016,Valencia,Malaga,2,2,D
2016,SP1,05/12/2016,La Coruna,Sociedad,5,1,H
2016,SP1,09/12/2016,Malaga,Granada,1,1,D
2016,SP1,10/12/2016,Las Palmas,Leganes,1,1,D
2016,SP1,10/12/2016,Osasuna,Barcelona,0,3,A
2016,SP1,10/12/2016,Real Madrid,La Coruna,3,2,H
2016,SP1,10/12/2016,Sociedad,Valencia,3,2,H
2016,SP1,11/12/2016,Betis,Ath Bilbao,1,0,H
2016,SP1,11/12/2016,Celta,Sevilla,0,3,A
2016,SP1,11/12/2016,Eibar,Alaves,0,0,D
2016,SP1,11/12/2016,Espanol,Sp Gijon,2,1,H
2016,SP1,12/12/2016,Villarreal,Ath Madrid,3,0,H
2016,SP1,16/12/2016,Alaves,Betis,1,0,H
2016,SP1,17/12/2016,Ath Madrid,Las Palmas,1,0,H
2016,SP1,17/12/2016,Granada,Sociedad,0,2,A
2016,SP1,17/12/2016,Sevilla,Malaga,4,1,H
2016,SP1,17/12/2016,Sp Gijon,Villarreal,1,3,A
2016,SP1,18/12/2016,Barcelona,Espanol,4,1,H
2016,SP1,18/12/2016,La Coruna,Osasuna,2,0,H
2016,SP1,18/12/2016,Leganes,Eibar,1,1,D
2016,SP1,19/12/2016,Ath Bilbao,Celta,2,1,H
2017,SP1,06/01/2017,Espanol,La Coruna,1,1,D
2017,SP1,07/01/2017,Eibar,Ath Madrid,0,2,A
2017,SP1,07/01/2017,Las Palmas,Sp Gijon,1,0,H
2017,SP1,07/01/2017,Real Madrid,Granada,5,0,H
2017,SP1,07/01/2017,Sociedad,Sevilla,0,4,A
2017,SP1,08/01/2017,Ath Bilbao,Alaves,0,0,D
2017,SP1,08/01/2017,Betis,Leganes,2,0,H
2017,SP1,08/01/2017,Celta,Malaga,3,1,H
2017,SP1,08/01/2017,Villarreal,Barcelona,1,1,D
2017,SP1,09/01/2017,Osasuna,Valencia,3,3,D
2017,SP1,14/01/2017,Ath Madrid,Betis,1,0,H
2017,SP1,14/01/2017,Barcelona,Las Palmas,5,0,H
2017,SP1,14/01/2017,La Coruna,Villarreal,0,0,D
2017,SP1,14/01/2017,Leganes,Ath Bilbao,0,0,D
2017,SP1,15/01/2017,Celta,Alaves,1,0,H
2017,SP1,15/01/2017,Granada,Osasuna,1,1,D
2017,SP1,15/01/2017,Sevilla,Real Madrid,2,1,H
2017,SP1,15/01/2017,Sp Gijon,Eibar,2,3,A
2017,SP1,15/01/2017,Valencia,Espanol,2,1,H
2017,SP1,16/01/2017,Malaga,Sociedad,0,2,A
2017,SP1,20/01/2017,Las Palmas,La Coruna,1,1,D
2017,SP1,21/01/2017,Alaves,Leganes,2,2,D
2017,SP1,21/01/2017,Espanol,Granada,3,1,H
2017,SP1,21/01/2017,Real Madrid,Malaga,2,1,H
2017,SP1,21/01/2017,Villarreal,Valencia,0,2,A
2017,SP1,22/01/2017,Ath Bilbao,Ath Madrid,2,2,D
2017,SP1,22/01/2017,Betis,Sp Gijon,0,0,D
2017,SP1,22/01/2017,Eibar,Barcelona,0,4,A
2017,SP1,22/01/2017,Osasuna,Sevilla,3,4,A
2017,SP1,22/01/2017,Sociedad,Celta,1,0,H
2017,SP1,27/01/2017,Osasuna,Malaga,1,1,D
2017,SP1,28/01/2017,Alaves,Ath Madrid,0,0,D
2017,SP1,28/01/2017,Eibar,La Coruna,3,1,H
2017,SP1,28/01/2017,Leganes,Celta,0,2,A
2017,SP1,28/01/2017,Villarreal,Granada,2,0,H
2017,SP1,29/01/2017,Ath Bilbao,Sp Gijon,2,1,H
2017,SP1,29/01/2017,Betis,Barcelona,1,1,D
2017,SP1,29/01/2017,Espanol,Sevilla,3,1,H
2017,SP1,29/01/2017,Real Madrid,Sociedad,3,0,H
2017,SP1,30/01/2017,Las Palmas,Valencia,3,1,H
2017,SP1,04/02/2017,Ath Madrid,Leganes,2,0,H
2017,SP1,04/02/2017,Barcelona,Ath Bilbao,3,0,H
2017,SP1,04/02/2017,Malaga,Espanol,0,1,A
2017,SP1,04/02/2017,Valencia,Eibar,0,4,A
2017,SP1,05/02/2017,Sevilla,Villarreal,0,0,D
2017,SP1,05/02/2017,Sociedad,Osasuna,3,2,H
2017,SP1,05/02/2017,Sp Gijon,Alaves,2,4,A
2017,SP1,06/02/2017,Granada,Las Palmas,1,0,H
2017,SP1,10/02/2017,Espanol,Sociedad,1,2,A
2017,SP1,11/02/2017,Alaves,Barcelona,0,6,A
2017,SP1,11/02/2017,Ath Bilbao,La Coruna,2,1,H
2017,SP1,11/02/2017,Betis,Valencia,0,0,D
2017,SP1,11/02/2017,Osasuna,Real Madrid,1,3,A
2017,SP1,12/02/2017,Ath Madrid,Celta,3,2,H
2017,SP1,12/02/2017,Las Palmas,Sevilla,0,1,A
2017,SP1,12/02/2017,Leganes,Sp Gijon,0,2,A
2017,SP1,12/02/2017,Villarreal,Malaga,1,1,D
2017,SP1,13/02/2017,Eibar,Granada,4,0,H
2017,SP1,17/02/2017,Granada,Betis,4,1,H
2017,SP1,18/02/2017,La Coruna,Alaves,0,1,A
2017,SP1,18/02/2017,Real Madrid,Espanol,2,0,H
2017,SP1,18/02/2017,Sevilla,Eibar,2,0,H
2017,SP1,18/02/2017,Sp Gijon,Ath Madrid,1,4,A
2017,SP1,19/02/2017,Barcelona,Leganes,2,1,H
2017,SP1,19/02/2017,Celta,Osasuna,3,0,H
2017,SP1,19/02/2017,Sociedad,Villarreal,0,1,A
2017,SP1,19/02/2017,Valencia,Ath Bilbao,2,0,H
2017,SP1,20/02/2017,Malaga,Las Palmas,2,1,H
2017,SP1,22/02/2017,Valencia,Real Madrid,2,1,H
2017,SP1,24/02/2017,Las Palmas,Sociedad,0,1,A
2017,SP1,25/02/2017,Alaves,Valencia,2,1,H
2017,SP1,25/02/2017,Betis,Sevilla,1,2,A
2017,SP1,25/02/2017,Eibar,Malaga,3,0,H
2017,SP1,25/02/2017,Leganes,La Coruna,4,0,H
2017,SP1,26/02/2017,Ath Bilbao,Granada,3,1,H
2017,SP1,26/02/2017,Ath Madrid,Barcelona,1,2,A
2017,SP1,26/02/2017,Espanol,Osasuna,3,0,H
2017,SP1,26/02/2017,Sp Gijon,Celta,1,1,D
2017,SP1,26/02/2017,Villarreal,Real Madrid,2,3,A
2017,SP1,28/02/2017,Malaga,Betis,1,2,A
2017,SP1,28/02/2017,Sociedad,Eibar,2,2,D
2017,SP1,28/02/2017,Valencia,Leganes,1,0,H
2017,SP1,01/03/2017,Barcelona,Sp Gijon,6,1,H
2017,SP1,01/03/2017,Celta,Espanol,2,2,D
2017,SP1,01/03/2017,Granada,Alaves,2,1,H
2017,SP1,01/03/2017,Osasuna,Villarreal,1,4,A
2017,SP1,01/03/2017,Real Madrid,Las Palmas,3,3,D
2017,SP1,02/03/2017,La Coruna,Ath Madrid,1,1,D
2017,SP1,02/03/2017,Sevilla,Ath Bilbao,1,0,H
2017,SP1,03/03/2017,Betis,Sociedad,2,3,A
2017,SP1,04/03/2017,Barcelona,Celta,5,0,H
2017,SP1,04/03/2017,Eibar,Real Madrid,1,4,A
2017,SP1,04/03/2017,Leganes,Granada,1,0,H
2017,SP1,04/03/2017,Villarreal,Espanol,2,0,H
2017,SP1,05/03/2017,Ath Bilbao,Malaga,1,0,H
2017,SP1,05/03/2017,Ath Madrid,Valencia,3,0,H
2017,SP1,05/03/2017,Las Palmas,Osasuna,5,2,H
2017,SP1,05/03/2017,Sp Gijon,La Coruna,0,1,A
2017,SP1,06/03/2017,Alaves,Sevilla,1,1,D
2017,SP1,08/03/2017,La Coruna,Betis,1,1,D
2017,SP1,10/03/2017,Espanol,Las Palmas,4,3,H
2017,SP1,11/03/2017,Granada,Ath Madrid,0,1,A
2017,SP1,11/03/2017,Malaga,Alaves,1,2,A
2017,SP1,11/03/2017,Sevilla,Leganes,1,1,D
2017,SP1,11/03/2017,Valencia,Sp Gijon,1,1,D
2017,SP1,12/03/2017,Celta,Villarreal,0,1,A
2017,SP1,12/03/2017,La Coruna,Barcelona,2,1,H
2017,SP1,12/03/2017,Real Madrid,Betis,2,1,H
2017,SP1,12/03/2017,Sociedad,Ath Bilbao,0,2,A
2017,SP1,13/03/2017,Osasuna,Eibar,1,1,D
2017,SP1,17/03/2017,Las Palmas,Villarreal,1,0,H
2017,SP1,18/03/2017,Alaves,Sociedad,1,0,H
2017,SP1,18/03/2017,Ath Bilbao,Real Madrid,1,2,A
2017,SP1,18/03/2017,Betis,Osasuna,2,0,H
2017,SP1,18/03/2017,Eibar,Espanol,1,1,D
2017,SP1,19/03/2017,Ath Madrid,Sevilla,3,1,H
2017,SP1,19/03/2017,Barcelona,Valencia,4,2,H
2017,SP1,19/03/2017,La Coruna,Celta,0,1,A
2017,SP1,19/03/2017,Leganes,Malaga,0,0,D
2017,SP1,19/03/2017,Sp Gijon,Granada,3,1,H
2017,SP1,31/03/2017,Espanol,Betis,2,1,H
2017,SP1,01/04/2017,Malaga,Ath Madrid,0,2,A
2017,SP1,01/04/2017,Osasuna,Ath Bilbao,1,2,A
2017,SP1,01/04/2017,Sociedad,Leganes,1,1,D
2017,SP1,01/04/2017,Villarreal,Eibar,2,3,A
2017,SP1,02/04/2017,Granada,Barcelona,1,4,A
2017,SP1,02/04/2017,Real Madrid,Alaves,3,0,H
2017,SP1,02/04/2017,Sevilla,Sp Gijon,0,0,D
2017,SP1,02/04/2017,Valencia,La Coruna,3,0,H
2017,SP1,03/04/2017,Celta,Las Palmas,3,1,H
2017,SP1,04/04/2017,Ath Bilbao,Espanol,2,0,H
2017,SP1,04/04/2017,Ath Madrid,Sociedad,1,0,H
2017,SP1,04/04/2017,Betis,Villarreal,0,1,A
2017,SP1,05/04/2017,Alaves,Osasuna,0,1,A
2017,SP1,05/04/2017,Barcelona,Sevilla,3,0,H
2017,SP1,05/04/2017,La Coruna,Granada,0,0,D
2017,SP1,05/04/2017,Leganes,Real Madrid,2,4,A
2017,SP1,05/04/2017,Sp Gijon,Malaga,0,1,A
2017,SP1,06/04/2017,Eibar,Las Palmas,3,1,H
2017,SP1,06/04/2017,Valencia,Celta,3,2,H
2017,SP1,07/04/2017,Villarreal,Ath Bilbao,3,1,H
2017,SP1,08/04/2017,Espanol,Alaves,1,0,H
2017,SP1,08/04/2017,Malaga,Barcelona,2,0,H
2017,SP1,08/04/2017,Real Madrid,Ath Madrid,1,1,D
2017,SP1,08/04/2017,Sevilla,La Coruna,4,2,H
2017,SP1,09/04/2017,Celta,Eibar,0,2,A
2017,SP1,09/04/2017,Granada,Valencia,1,3,A
2017,SP1,09/04/2017,Las Palmas,Betis,4,1,H
2017,SP1,09/04/2017,Osasuna,Leganes,2,1,H
2017,SP1,10/04/2017,Sociedad,Sp Gijon,3,1,H
2017,SP1,14/04/2017,Ath Bilbao,Las Palmas,5,1,H
2017,SP1,15/04/2017,Ath Madrid,Osasuna,3,0,H
2017,SP1,15/04/2017,Barcelona,Sociedad,3,2,H
2017,SP1,15/04/2017,La Coruna,Malaga,2,0,H
2017,SP1,15/04/2017,Sp Gijon,Real Madrid,2,3,A
2017,SP1,16/04/2017,Betis,Eibar,2,0,H
2017,SP1,16/04/2017,Granada,Celta,0,3,A
2017,SP1,16/04/2017,Leganes,Espanol,0,1,A
2017,SP1,16/04/2017,Valencia,Sevilla,0,0,D
2017,SP1,17/04/2017,Alaves,Villarreal,2,1,H
2017,SP1,21/04/2017,Sevilla,Granada,2,0,H
2017,SP1,22/04/2017,Espanol,Ath Madrid,0,1,A
2017,SP1,22/04/2017,Malaga,Valencia,2,0,H
2017,SP1,22/04/2017,Osasuna,Sp Gijon,2,2,D
2017,SP1,22/04/2017,Villarreal,Leganes,2,1,H
2017,SP1,23/04/2017,Celta,Betis,0,1,A
2017,SP1,23/04/2017,Las Palmas,Alaves,1,1,D
2017,SP1,23/04/2017,Real Madrid,Barcelona,2,3,A
2017,SP1,23/04/2017,Sociedad,La Coruna,1,0,H
2017,SP1,24/04/2017,Eibar,Ath Bilbao,0,1,A
2017,SP1,25/04/2017,Ath Madrid,Villarreal,0,1,A
2017,SP1,25/04/2017,Granada,Malaga,0,2,A
2017,SP1,25/04/2017,Sp Gijon,Espanol,1,1,D
2017,SP1,26/04/2017,Barcelona,Osasuna,7,1,H
2017,SP1,26/04/2017,La Coruna,Real Madrid,2,6,A
2017,SP1,26/04/2017,Leganes,Las Palmas,3,0,H
2017,SP1,26/04/2017,Valencia,Sociedad,2,3,A
2017,SP1,27/04/2017,Alaves,Eibar,0,0,D
2017,SP1,27/04/2017,Ath Bilbao,Betis,2,1,H
2017,SP1,27/04/2017,Sevilla,Celta,2,1,H
2017,SP1,28/04/2017,Villarreal,Sp Gijon,3,1,H
2017,SP1,29/04/2017,Espanol,Barcelona,0,3,A
2017,SP1,29/04/2017,Las Palmas,Ath Madrid,0,5,A
2017,SP1,29/04/2017,Real Madrid,Valencia,2,1,H
2017,SP1,29/04/2017,Sociedad,Granada,2,1,H
2017,SP1,30/04/2017,Betis,Alaves,1,4,A
2017,SP1,30/04/2017,Celta,Ath Bilbao,0,3,A
2017,SP1,30/04/2017,Eibar,Leganes,2,0,H
2017,SP1,30/04/2017,Osasuna,La Coruna,2,2,D
2017,SP1,01/05/2017,Malaga,Sevilla,4,2,H
2017,SP1,05/05/2017,Sevilla,Sociedad,1,1,D
2017,SP1,06/05/2017,Ath Madrid,Eibar,1,0,H
2017,SP1,06/05/2017,Barcelona,Villarreal,4,1,H
2017,SP1,06/05/2017,Granada,Real Madrid,0,4,A
2017,SP1,06/05/2017,Sp Gijon,Las Palmas,1,0,H
2017,SP1,07/05/2017,Alaves,Ath Bilbao,1,0,H
2017,SP1,07/05/2017,La Coruna,Espanol,1,2,A
2017,SP1,07/05/2017,Malaga,Celta,3,0,H
2017,SP1,07/05/2017,Valencia,Osasuna,4,1,H
2017,SP1,08/05/2017,Leganes,Betis,4,0,H
2017,SP1,13/05/2017,Espanol,Valencia,0,1,A
2017,SP1,13/05/2017,Osasuna,Granada,2,1,H
2017,SP1,14/05/2017,Alaves,Celta,3,1,H
2017,SP1,14/05/2017,Ath Bilbao,Leganes,1,1,D
2017,SP1,14/05/2017,Betis,Ath Madrid,1,1,D
2017,SP1,14/05/2017,Eibar,Sp Gijon,0,1,A
2017,SP1,14/05/2017,Las Palmas,Barcelona,1,4,A
2017,SP1,14/05/2017,Real Madrid,Sevilla,4,1,H
2017,SP1,14/05/2017,Sociedad,Malaga,2,2,D
2017,SP1,14/05/2017,Villarreal,La Coruna,0,0,D
2017,SP1,17/05/2017,Celta,Real Madrid,1,4,A
2017,SP1,19/05/2017,Granada,Espanol,1,2,A
2017,SP1,20/05/2017,La Coruna,Las Palmas,3,0,H
2017,SP1,20/05/2017,Leganes,Alaves,1,1,D
2017,SP1,20/05/2017,Sevilla,Osasuna,5,0,H
2017,SP1,20/05/2017,Sp Gijon,Betis,2,2,D
2017,SP1,21/05/2017,Ath Madrid,Ath Bilbao,3,1,H
2017,SP1,21/05/2017,Barcelona,Eibar,4,2,H
2017,SP1,21/05/2017,Celta,Sociedad,2,2,D
2017,SP1,21/05/2017,Malaga,Real Madrid,0,2,A
2017,SP1,21/05/2017,Valencia,Villarreal,1,3,A
2017,SP1,18/08/2017,Leganes,Alaves,1,0,H
2017,SP1,18/08/2017,Valencia,Las Palmas,1,0,H
2017,SP1,19/08/2017,Celta,Sociedad,2,3,A
2017,SP1,19/08/2017,Girona,Ath Madrid,2,2,D
2017,SP1,19/08/2017,Sevilla,Espanol,1,1,D
2017,SP1,20/08/2017,Ath Bilbao,Getafe,0,0,D
2017,SP1,20/08/2017,Barcelona,Betis,2,0,H
2017,SP1,20/08/2017,La Coruna,Real Madrid,0,3,A
2017,SP1,21/08/2017,Levante,Villarreal,1,0,H
2017,SP1,21/08/2017,Malaga,Eibar,0,1,A
2017,SP1,25/08/2017,Betis,Celta,2,1,H
2017,SP1,25/08/2017,Sociedad,Villarreal,3,0,H
2017,SP1,26/08/2017,Alaves,Barcelona,0,2,A
2017,SP1,26/08/2017,Girona,Malaga,1,0,H
2017,SP1,26/08/2017,Las Palmas,Ath Madrid,1,5,A
2017,SP1,26/08/2017,Levante,La Coruna,2,2,D
2017,SP1,27/08/2017,Eibar,Ath Bilbao,0,1,A
2017,SP1,27/08/2017,Espanol,Leganes,0,1,A
2017,SP1,27/08/2017,Getafe,Sevilla,0,1,A
2017,SP1,27/08/2017,Real Madrid,Valencia,2,2,D
2017,SP1,08/09/2017,Leganes,Getafe,1,2,A
2017,SP1,09/09/2017,Barcelona,Espanol,5,0,H
2017,SP1,09/09/2017,Real Madrid,Levante,1,1,D
2017,SP1,09/09/2017,Sevilla,Eibar,3,0,H
2017,SP1,09/09/2017,Valencia,Ath Madrid,0,0,D
2017,SP1,10/09/2017,Ath Bilbao,Girona,2,0,H
2017,SP1,10/09/2017,Celta,Alaves,1,0,H
2017,SP1,10/09/2017,La Coruna,Sociedad,2,4,A
2017,SP1,10/09/2017,Villarreal,Betis,3,1,H
2017,SP1,11/09/2017,Malaga,Las Palmas,1,3,A
2017,SP1,15/09/2017,Eibar,Leganes,1,0,H
2017,SP1,16/09/2017,Ath Madrid,Malaga,1,0,H
2017,SP1,16/09/2017,Betis,La Coruna,2,1,H
2017,SP1,16/09/2017,Getafe,Barcelona,1,2,A
2017,SP1,16/09/2017,Levante,Valencia,1,1,D
2017,SP1,17/09/2017,Alaves,Villarreal,0,3,A
2017,SP1,17/09/2017,Girona,Sevilla,0,1,A
2017,SP1,17/09/2017,Las Palmas,Ath Bilbao,1,0,H
2017,SP1,17/09/2017,Sociedad,Real Madrid,1,3,A
2017,SP1,18/09/2017,Espanol,Celta,2,1,H
2017,SP1,19/09/2017,Barcelona,Eibar,6,1,H
2017,SP1,19/09/2017,Valencia,Malaga,5,0,H
2017,SP1,20/09/2017,Ath Bilbao,Ath Madrid,1,2,A
2017,SP1,20/09/2017,La Coruna,Alaves,1,0,H
2017,SP1,20/09/2017,Leganes,Girona,0,0,D
2017,SP1,20/09/2017,Real Madrid,Betis,0,1,A
2017,SP1,20/09/2017,Sevilla,Las Palmas,1,0,H
2017,SP1,21/09/2017,Celta,Getafe,1,1,D
2017,SP1,21/09/2017,Levante,Sociedad,3,0,H
2017,SP1,21/09/2017,Villarreal,Espanol,0,0,D
2017,SP1,23/09/2017,Alaves,Real Madrid,1,2,A
2017,SP1,23/09/2017,Ath Madrid,Sevilla,2,0,H
2017,SP1,23/09/2017,Girona,Barcelona,0,3,A
2017,SP1,23/09/2017,Malaga,Ath Bilbao,3,3,D
2017,SP1,24/09/2017,Eibar,Celta,0,4,A
2017,SP1,24/09/2017,Espanol,La Coruna,4,1,H
2017,SP1,24/09/2017,Getafe,Villarreal,4,0,H
2017,SP1,24/09/2017,Las Palmas,Leganes,0,2,A
2017,SP1,24/09/2017,Sociedad,Valencia,2,3,A
2017,SP1,25/09/2017,Betis,Levante,4,0,H
2017,SP1,29/09/2017,Celta,Girona,3,3,D
2017,SP1,30/09/2017,La Coruna,Getafe,2,1,H
2017,SP1,30/09/2017,Leganes,Ath Madrid,0,0,D
2017,SP1,30/09/2017,Levante,Alaves,0,2,A
2017,SP1,30/09/2017,Sevilla,Malaga,2,0,H
2017,SP1,01/10/2017,Barcelona,Las Palmas,3,0,H
2017,SP1,01/10/2017,Real Madrid,Espanol,2,0,H
2017,SP1,01/10/2017,Sociedad,Betis,4,4,D
2017,SP1,01/10/2017,Valencia,Ath Bilbao,3,2,H
2017,SP1,01/10/2017,Villarreal,Eibar,3,0,H
2017,SP1,13/10/2017,Espanol,Levante,0,0,D
2017,SP1,14/10/2017,Alaves,Sociedad,0,2,A
2017,SP1,14/10/2017,Ath Bilbao,Sevilla,1,0,H
2017,SP1,14/10/2017,Ath Madrid,Barcelona,1,1,D
2017,SP1,14/10/2017,Getafe,Real Madrid,1,2,A
2017,SP1,15/10/2017,Betis,Valencia,3,6,A
2017,SP1,15/10/2017,Eibar,La Coruna,0,0,D
2017,SP1,15/10/2017,Girona,Villarreal,1,2,A
2017,SP1,15/10/2017,Malaga,Leganes,0,2,A
2017,SP1,16/10/2017,Las Palmas,Celta,2,5,A
2017,SP1,21/10/2017,Barcelona,Malaga,2,0,H
2017,SP1,21/10/2017,Betis,Alaves,2,0,H
2017,SP1,21/10/2017,Levante,Getafe,1,1,D
2017,SP1,21/10/2017,Valencia,Sevilla,4,0,H
2017,SP1,22/10/2017,Celta,Ath Madrid,0,1,A
2017,SP1,22/10/2017,Leganes,Ath Bilbao,1,0,H
2017,SP1,22/10/2017,Real Madrid,Eibar,3,0,H
2017,SP1,22/10/2017,Villarreal,Las Palmas,4,0,H
2017,SP1,23/10/2017,La Coruna,Girona,1,2,A
2017,SP1,23/10/2017,Sociedad,Espanol,1,1,D
2017,SP1,28/10/2017,Alaves,Valencia,1,2,A
2017,SP1,28/10/2017,Ath Bilbao,Barcelona,0,2,A
2017,SP1,28/10/2017,Ath Madrid,Villarreal,1,1,D
2017,SP1,28/10/2017,Sevilla,Leganes,2,1,H
2017,SP1,29/10/2017,Eibar,Levante,2,2,D
2017,SP1,29/10/2017,Getafe,Sociedad,2,1,H
2017,SP1,29/10/2017,Girona,Real Madrid,2,1,H
2017,SP1,29/10/2017,Malaga,Celta,2,1,H
2017,SP1,30/10/2017,Espanol,Betis,1,0,H
2017,SP1,30/10/2017,Las Palmas,La Coruna,1,3,A
2017,SP1,03/11/2017,Betis,Getafe,2,2,D
2017,SP1,04/11/2017,Alaves,Espanol,1,0,H
2017,SP1,04/11/2017,Barcelona,Sevilla,2,1,H
2017,SP1,04/11/2017,La Coruna,Ath Madrid,0,1,A
2017,SP1,04/11/2017,Valencia,Leganes,3,0,H
2017,SP1,05/11/2017,Celta,Ath Bilbao,3,1,H
2017,SP1,05/11/2017,Levante,Girona,1,2,A
2017,SP1,05/11/2017,Real Madrid,Las Palmas,3,0,H
2017,SP1,05/11/2017,Sociedad,Eibar,3,1,H
2017,SP1,05/11/2017,Villarreal,Malaga,2,0,H
2017,SP1,17/11/2017,Girona,Sociedad,1,1,D
2017,SP1,18/11/2017,Ath Madrid,Real Madrid,0,0,D
2017,SP1,18/11/2017,Getafe,Alaves,4,1,H
2017,SP1,18/11/2017,Leganes,Barcelona,0,3,A
2017,SP1,18/11/2017,Sevilla,Celta,2,1,H
2017,SP1,19/11/2017,Ath Bilbao,Villarreal,1,1,D
2017,SP1,19/11/2017,Espanol,Valencia,0,2,A
2017,SP1,19/11/2017,Las Palmas,Levante,0,2,A
2017,SP1,19/11/2017,Malaga,La Coruna,3,2,H
2017,SP1,20/11/2017,Eibar,Betis,5,0,H
2017,SP1,24/11/2017,Celta,Leganes,1,0,H
2017,SP1,25/11/2017,Alaves,Eibar,1,2,A
2017,SP1,25/11/2017,Betis,Girona,2,2,D
2017,SP1,25/11/2017,Levante,Ath Madrid,0,5,A
2017,SP1,25/11/2017,Real Madrid,Malaga,3,2,H
2017,SP1,26/11/2017,La Coruna,Ath Bilbao,2,2,D
2017,SP1,26/11/2017,Sociedad,Las Palmas,2,2,D
2017,SP1,26/11/2017,Valencia,Barcelona,1,1,D
2017,SP1,26/11/2017,Villarreal,Sevilla,2,3,A
2017,SP1,27/11/2017,Espanol,Getafe,1,0,H
2017,SP1,01/12/2017,Malaga,Levante,0,0,D
2017,SP1,02/12/2017,Ath Bilbao,Real Madrid,0,0,D
2017,SP1,02/12/2017,Ath Madrid,Sociedad,2,1,H
2017,SP1,02/12/2017,Barcelona,Celta,2,2,D
2017,SP1,02/12/2017,Sevilla,La Coruna,2,0,H
2017,SP1,03/12/2017,Eibar,Espanol,3,1,H
2017,SP1,03/12/2017,Getafe,Valencia,1,0,H
2017,SP1,03/12/2017,Las Palmas,Betis,1,0,H
2017,SP1,03/12/2017,Leganes,Villarreal,3,1,H
2017,SP1,04/12/2017,Girona,Alaves,2,3,A
2017,SP1,08/12/2017,Alaves,Las Palmas,2,0,H
2017,SP1,09/12/2017,Getafe,Eibar,0,0,D
2017,SP1,09/12/2017,La Coruna,Leganes,1,0,H
2017,SP1,09/12/2017,Real Madrid,Sevilla,5,0,H
2017,SP1,09/12/2017,Valencia,Celta,2,1,H
2017,SP1,10/12/2017,Betis,Ath Madrid,0,1,A
2017,SP1,10/12/2017,Levante,Ath Bilbao,1,2,A
2017,SP1,10/12/2017,Sociedad,Malaga,0,2,A
2017,SP1,10/12/2017,Villarreal,Barcelona,0,2,A
2017,SP1,11/12/2017,Espanol,Girona,0,1,A
2017,SP1,15/12/2017,Sevilla,Levante,0,0,D
2017,SP1,16/12/2017,Ath Bilbao,Sociedad,0,0,D
2017,SP1,16/12/2017,Ath Madrid,Alaves,1,0,H
2017,SP1,16/12/2017,Eibar,Valencia,2,1,H
2017,SP1,17/12/2017,Barcelona,La Coruna,4,0,H
2017,SP1,17/12/2017,Celta,Villarreal,0,1,A
2017,SP1,17/12/2017,Girona,Getafe,1,0,H
2017,SP1,17/12/2017,Las Palmas,Espanol,2,2,D
2017,SP1,18/12/2017,Malaga,Betis,0,2,A
2017,SP1,19/12/2017,Levante,Leganes,0,0,D
2017,SP1,20/12/2017,Getafe,Las Palmas,2,0,H
2017,SP1,20/12/2017,Sociedad,Sevilla,3,1,H
2017,SP1,21/12/2017,Alaves,Malaga,1,0,H
2017,SP1,21/12/2017,Eibar,Girona,4,1,H
2017,SP1,22/12/2017,Betis,Ath Bilbao,0,2,A
2017,SP1,22/12/2017,Espanol,Ath Madrid,1,0,H
2017,SP1,23/12/2017,La Coruna,Celta,1,3,A
2017,SP1,23/12/2017,Real Madrid,Barcelona,0,3,A
2017,SP1,23/12/2017,Valencia,Villarreal,0,1,A
2018,SP1,06/01/2018,Ath Madrid,Getafe,2,0,H
2018,SP1,06/01/2018,Las Palmas,Eibar,1,2,A
2018,SP1,06/01/2018,Sevilla,Betis,3,5,A
2018,SP1,06/01/2018,Valencia,Girona,2,1,H
2018,SP1,07/01/2018,Ath Bilbao,Alaves,2,0,H
2018,SP1,07/01/2018,Barcelona,Levante,3,0,H
2018,SP1,07/01/2018,Celta,Real Madrid,2,2,D
2018,SP1,07/01/2018,Leganes,Sociedad,1,0,H
2018,SP1,07/01/2018,Villarreal,La Coruna,1,1,D
2018,SP1,08/01/2018,Malaga,Espanol,0,1,A
2018,SP1,12/01/2018,Getafe,Malaga,1,0,H
2018,SP1,13/01/2018,Eibar,Ath Madrid,0,1,A
2018,SP1,13/01/2018,Girona,Las Palmas,6,0,H
2018,SP1,13/01/2018,La Coruna,Valencia,1,2,A
2018,SP1,13/01/2018,Real Madrid,Villarreal,0,1,A
2018,SP1,14/01/2018,Alaves,Sevilla,1,0,H
2018,SP1,14/01/2018,Espanol,Ath Bilbao,1,1,D
2018,SP1,14/01/2018,Levante,Celta,0,1,A
2018,SP1,14/01/2018,Sociedad,Barcelona,2,4,A
2018,SP1,15/01/2018,Betis,Leganes,3,2,H
2018,SP1,19/01/2018,Getafe,Ath Bilbao,2,2,D
2018,SP1,20/01/2018,Ath Madrid,Girona,1,1,D
2018,SP1,20/01/2018,Espanol,Sevilla,0,3,A
2018,SP1,20/01/2018,Las Palmas,Valencia,2,1,H
2018,SP1,20/01/2018,Villarreal,Levante,2,1,H
2018,SP1,21/01/2018,Alaves,Leganes,2,2,D
2018,SP1,21/01/2018,Betis,Barcelona,0,5,A
2018,SP1,21/01/2018,Real Madrid,La Coruna,7,1,H
2018,SP1,21/01/2018,Sociedad,Celta,1,2,A
2018,SP1,22/01/2018,Eibar,Malaga,1,1,D
2018,SP1,26/01/2018,Ath Bilbao,Eibar,1,1,D
2018,SP1,27/01/2018,La Coruna,Levante,2,2,D
2018,SP1,27/01/2018,Malaga,Girona,0,0,D
2018,SP1,27/01/2018,Valencia,Real Madrid,1,4,A
2018,SP1,27/01/2018,Villarreal,Sociedad,4,2,H
2018,SP1,28/01/2018,Ath Madrid,Las Palmas,3,0,H
2018,SP1,28/01/2018,Barcelona,Alaves,2,1,H
2018,SP1,28/01/2018,Leganes,Espanol,3,2,H
2018,SP1,28/01/2018,Sevilla,Getafe,1,1,D
2018,SP1,29/01/2018,Celta,Betis,3,2,H
2018,SP1,02/02/2018,Sociedad,La Coruna,5,0,H
2018,SP1,03/02/2018,Alaves,Celta,2,1,H
2018,SP1,03/02/2018,Betis,Villarreal,2,1,H
2018,SP1,03/02/2018,Eibar,Sevilla,5,1,H
2018,SP1,03/02/2018,Levante,Real Madrid,2,2,D
2018,SP1,04/02/2018,Ath Madrid,Valencia,1,0,H
2018,SP1,04/02/2018,Espanol,Barcelona,1,1,D
2018,SP1,04/02/2018,Getafe,Leganes,0,0,D
2018,SP1,04/02/2018,Girona,Ath Bilbao,2,0,H
2018,SP1,05/02/2018,Las Palmas,Malaga,1,0,H
2018,SP1,09/02/2018,Ath Bilbao,Las Palmas,0,0,D
2018,SP1,10/02/2018,Leganes,Eibar,0,1,A
2018,SP1,10/02/2018,Malaga,Ath Madrid,0,1,A
2018,SP1,10/02/2018,Real Madrid,Sociedad,5,2,H
2018,SP1,10/02/2018,Villarreal,Alaves,1,2,A
2018,SP1,11/02/2018,Barcelona,Getafe,0,0,D
2018,SP1,11/02/2018,Celta,Espanol,2,2,D
2018,SP1,11/02/2018,Sevilla,Girona,1,0,H
2018,SP1,11/02/2018,Valencia,Levante,3,1,H
2018,SP1,12/02/2018,La Coruna,Betis,0,1,A
2018,SP1,16/02/2018,Girona,Leganes,3,0,H
2018,SP1,17/02/2018,Alaves,La Coruna,1,0,H
2018,SP1,17/02/2018,Eibar,Barcelona,0,2,A
2018,SP1,17/02/2018,Las Palmas,Sevilla,1,2,A
2018,SP1,17/02/2018,Malaga,Valencia,1,2,A
2018,SP1,18/02/2018,Ath Madrid,Ath Bilbao,2,0,H
2018,SP1,18/02/2018,Betis,Real Madrid,3,5,A
2018,SP1,18/02/2018,Espanol,Villarreal,1,1,D
2018,SP1,18/02/2018,Sociedad,Levante,3,0,H
2018,SP1,19/02/2018,Getafe,Celta,3,0,H
2018,SP1,21/02/2018,Leganes,Real Madrid,1,3,A
2018,SP1,23/02/2018,La Coruna,Espanol,0,0,D
2018,SP1,24/02/2018,Barcelona,Girona,6,1,H
2018,SP1,24/02/2018,Celta,Eibar,2,0,H
2018,SP1,24/02/2018,Leganes,Las Palmas,0,0,D
2018,SP1,24/02/2018,Real Madrid,Alaves,4,0,H
2018,SP1,25/02/2018,Ath Bilbao,Malaga,2,1,H
2018,SP1,25/02/2018,Sevilla,Ath Madrid,2,5,A
2018,SP1,25/02/2018,Valencia,Sociedad,2,1,H
2018,SP1,25/02/2018,Villarreal,Getafe,1,0,H
2018,SP1,26/02/2018,Levante,Betis,0,2,A
2018,SP1,27/02/2018,Espanol,Real Madrid,1,0,H
2018,SP1,27/02/2018,Girona,Celta,1,0,H
2018,SP1,28/02/2018,Ath Bilbao,Valencia,1,1,D
2018,SP1,28/02/2018,Ath Madrid,Leganes,4,0,H
2018,SP1,28/02/2018,Eibar,Villarreal,1,0,H
2018,SP1,28/02/2018,Getafe,La Coruna,3,0,H
2018,SP1,28/02/2018,Malaga,Sevilla,0,1,A
2018,SP1,01/03/2018,Alaves,Levante,1,0,H
2018,SP1,01/03/2018,Betis,Sociedad,0,0,D
2018,SP1,01/03/2018,Las Palmas,Barcelona,1,1,D
2018,SP1,03/03/2018,La Coruna,Eibar,1,1,D
2018,SP1,03/03/2018,Leganes,Malaga,2,0,H
2018,SP1,03/03/2018,Real Madrid,Getafe,3,1,H
2018,SP1,03/03/2018,Sevilla,Ath Bilbao,2,0,H
2018,SP1,03/03/2018,Villarreal,Girona,0,2,A
2018,SP1,04/03/2018,Barcelona,Ath Madrid,1,0,H
2018,SP1,04/03/2018,Levante,Espanol,1,1,D
2018,SP1,04/03/2018,Sociedad,Alaves,2,1,H
2018,SP1,04/03/2018,Valencia,Betis,2,0,H
2018,SP1,05/03/2018,Celta,Las Palmas,2,1,H
2018,SP1,09/03/2018,Girona,La Coruna,2,0,H
2018,SP1,10/03/2018,Eibar,Real Madrid,1,2,A
2018,SP1,10/03/2018,Getafe,Levante,0,1,A
2018,SP1,10/03/2018,Malaga,Barcelona,0,2,A
2018,SP1,10/03/2018,Sevilla,Valencia,0,2,A
2018,SP1,11/03/2018,Ath Bilbao,Leganes,2,0,H
2018,SP1,11/03/2018,Ath Madrid,Celta,3,0,H
2018,SP1,11/03/2018,Espanol,Sociedad,2,1,H
2018,SP1,11/03/2018,Las Palmas,Villarreal,0,2,A
2018,SP1,12/03/2018,Alaves,Betis,1,3,A
2018,SP1,16/03/2018,Levante,Eibar,2,1,H
2018,SP1,17/03/2018,Betis,Espanol,3,0,H
2018,SP1,17/03/2018,La Coruna,Las Palmas,1,1,D
2018,SP1,17/03/2018,Sociedad,Getafe,1,2,A
2018,SP1,17/03/2018,Valencia,Alaves,3,1,H
2018,SP1,18/03/2018,Barcelona,Ath Bilbao,2,0,H
2018,SP1,18/03/2018,Celta,Malaga,0,0,D
2018,SP1,18/03/2018,Leganes,Sevilla,2,1,H
2018,SP1,18/03/2018,Real Madrid,Girona,6,3,H
2018,SP1,18/03/2018,Villarreal,Ath Madrid,2,1,H
2018,SP1,31/03/2018,Ath Bilbao,Celta,1,1,D
2018,SP1,31/03/2018,Girona,Levante,1,1,D
2018,SP1,31/03/2018,Las Palmas,Real Madrid,0,3,A
2018,SP1,31/03/2018,Sevilla,Barcelona,2,2,D
2018,SP1,01/04/2018,Ath Madrid,La Coruna,1,0,H
2018,SP1,01/04/2018,Eibar,Sociedad,0,0,D
2018,SP1,01/04/2018,Espanol,Alaves,0,0,D
2018,SP1,01/04/2018,Leganes,Valencia,0,1,A
2018,SP1,01/04/2018,Malaga,Villarreal,1,0,H
2018,SP1,02/04/2018,Getafe,Betis,0,1,A
2018,SP1,06/04/2018,La Coruna,Malaga,3,2,H
2018,SP1,07/04/2018,Alaves,Getafe,2,0,H
2018,SP1,07/04/2018,Barcelona,Leganes,3,1,H
2018,SP1,07/04/2018,Betis,Eibar,2,0,H
2018,SP1,07/04/2018,Celta,Sevilla,4,0,H
2018,SP1,08/04/2018,Levante,Las Palmas,2,1,H
2018,SP1,08/04/2018,Real Madrid,Ath Madrid,1,1,D
2018,SP1,08/04/2018,Sociedad,Girona,5,0,H
2018,SP1,08/04/2018,Valencia,Espanol,1,0,H
2018,SP1,09/04/2018,Villarreal,Ath Bilbao,1,3,A
2018,SP1,13/04/2018,Girona,Betis,0,1,A
2018,SP1,14/04/2018,Ath Bilbao,La Coruna,2,3,A
2018,SP1,14/04/2018,Barcelona,Valencia,2,1,H
2018,SP1,14/04/2018,Las Palmas,Sociedad,0,1,A
2018,SP1,14/04/2018,Leganes,Celta,1,0,H
2018,SP1,14/04/2018,Sevilla,Villarreal,2,2,D
2018,SP1,15/04/2018,Ath Madrid,Levante,3,0,H
2018,SP1,15/04/2018,Eibar,Alaves,0,1,A
2018,SP1,15/04/2018,Getafe,Espanol,1,0,H
2018,SP1,15/04/2018,Malaga,Real Madrid,1,2,A
2018,SP1,17/04/2018,Celta,Barcelona,2,2,D
2018,SP1,17/04/2018,La Coruna,Sevilla,0,0,D
2018,SP1,17/04/2018,Villarreal,Leganes,2,1,H
2018,SP1,18/04/2018,Espanol,Eibar,0,1,A
2018,SP1,18/04/2018,Real Madrid,Ath Bilbao,1,1,D
2018,SP1,18/04/2018,Valencia,Getafe,1,2,A
2018,SP1,19/04/2018,Alaves,Girona,1,2,A
2018,SP1,19/04/2018,Betis,Las Palmas,1,0,H
2018,SP1,19/04/2018,Levante,Malaga,1,0,H
2018,SP1,19/04/2018,Sociedad,Ath Madrid,3,0,H
2018,SP1,20/04/2018,Leganes,La Coruna,0,0,D
2018,SP1,21/04/2018,Celta,Valencia,1,1,D
2018,SP1,21/04/2018,Eibar,Getafe,0,1,A
2018,SP1,22/04/2018,Ath Madrid,Betis,0,0,D
2018,SP1,22/04/2018,Girona,Espanol,0,2,A
2018,SP1,22/04/2018,Las Palmas,Alaves,0,4,A
2018,SP1,22/04/2018,Malaga,Sociedad,2,0,H
2018,SP1,23/04/2018,Ath Bilbao,Levante,1,3,A
2018,SP1,27/04/2018,Levante,Sevilla,2,1,H
2018,SP1,28/04/2018,Espanol,Las Palmas,1,1,D
2018,SP1,28/04/2018,Real Madrid,Leganes,2,1,H
2018,SP1,28/04/2018,Sociedad,Ath Bilbao,3,1,H
2018,SP1,28/04/2018,Villarreal,Celta,4,1,H
2018,SP1,29/04/2018,Alaves,Ath Madrid,0,1,A
2018,SP1,29/04/2018,Getafe,Girona,1,1,D
2018,SP1,29/04/2018,La Coruna,Barcelona,2,4,A
2018,SP1,29/04/2018,Valencia,Eibar,0,0,D
2018,SP1,30/04/2018,Betis,Malaga,2,1,H
2018,SP1,04/05/2018,Sevilla,Sociedad,1,0,H
2018,SP1,05/05/2018,Ath Bilbao,Betis,2,0,H
2018,SP1,05/05/2018,Celta,La Coruna,1,1,D
2018,SP1,05/05/2018,Girona,Eibar,1,4,A
2018,SP1,05/05/2018,Villarreal,Valencia,1,0,H
2018,SP1,06/05/2018,Ath Madrid,Espanol,0,2,A
2018,SP1,06/05/2018,Barcelona,Real Madrid,2,2,D
2018,SP1,06/05/2018,Las Palmas,Getafe,0,1,A
2018,SP1,06/05/2018,Malaga,Alaves,0,3,A
2018,SP1,07/05/2018,Leganes,Levante,0,3,A
2018,SP1,09/05/2018,Barcelona,Villarreal,5,1,H
2018,SP1,09/05/2018,Sevilla,Real Madrid,3,2,H
2018,SP1,12/05/2018,Alaves,Ath Bilbao,3,1,H
2018,SP1,12/05/2018,Betis,Sevilla,2,2,D
2018,SP1,12/05/2018,Eibar,Las Palmas,1,0,H
2018,SP1,12/05/2018,Getafe,Ath Madrid,0,1,A
2018,SP1,12/05/2018,Girona,Valencia,0,1,A
2018,SP1,12/05/2018,La Coruna,Villarreal,2,4,A
2018,SP1,12/05/2018,Real Madrid,Celta,6,0,H
2018,SP1,12/05/2018,Sociedad,Leganes,3,2,H
2018,SP1,13/05/2018,Espanol,Malaga,4,1,H
2018,SP1,13/05/2018,Levante,Barcelona,5,4,H
2018,SP1,19/05/2018,Celta,Levante,4,2,H
2018,SP1,19/05/2018,Las Palmas,Girona,1,2,A
2018,SP1,19/05/2018,Leganes,Betis,3,2,H
2018,SP1,19/05/2018,Malaga,Getafe,0,1,A
2018,SP1,19/05/2018,Sevilla,Alaves,1,0,H
2018,SP1,19/05/2018,Villarreal,Real Madrid,2,2,D
2018,SP1,20/05/2018,Ath Bilbao,Espanol,0,1,A
2018,SP1,20/05/2018,Ath Madrid,Eibar,2,2,D
2018,SP1,20/05/2018,Barcelona,Sociedad,1,0,H
2018,SP1,20/05/2018,Valencia,La Coruna,2,1,H
2019,SP1,16/08/2019,Ath Bilbao,Barcelona,1,0,H
2019,SP1,17/08/2019,Celta,Real Madrid,1,3,A
2019,SP1,17/08/2019,Valencia,Sociedad,1,1,D
2019,SP1,17/08/2019,Mallorca,Eibar,2,1,H
2019,SP1,17/08/2019,Leganes,Osasuna,0,1,A
2019,SP1,17/08/2019,Villarreal,Granada,4,4,D
2019,SP1,18/08/2019,Alaves,Levante,1,0,H
2019,SP1,18/08/2019,Espanol,Sevilla,0,2,A
2019,SP1,18/08/2019,Betis,Valladolid,1,2,A
2019,SP1,18/08/2019,Ath Madrid,Getafe,1,0,H
2019,SP1,23/08/2019,Granada,Sevilla,0,1,A
2019,SP1,23/08/2019,Levante,Villarreal,2,1,H
2019,SP1,24/08/2019,Osasuna,Eibar,0,0,D
2019,SP1,24/08/2019,Real Madrid,Valladolid,1,1,D
2019,SP1,24/08/2019,Celta,Valencia,1,0,H
2019,SP1,24/08/2019,Getafe,Ath Bilbao,1,1,D
2019,SP1,25/08/2019,Alaves,Espanol,0,0,D
2019,SP1,25/08/2019,Mallorca,Sociedad,0,1,A
2019,SP1,25/08/2019,Leganes,Ath Madrid,0,1,A
2019,SP1,25/08/2019,Barcelona,Betis,5,2,H
2019,SP1,30/08/2019,Sevilla,Celta,1,1,D
2019,SP1,30/08/2019,Ath Bilbao,Sociedad,2,0,H
2019,SP1,31/08/2019,Osasuna,Barcelona,2,2,D
2019,SP1,31/08/2019,Getafe,Alaves,1,1,D
2019,SP1,31/08/2019,Levante,Valladolid,2,0,H
2019,SP1,31/08/2019,Betis,Leganes,2,1,H
2019,SP1,01/09/2019,Valencia,Mallorca,2,0,H
2019,SP1,01/09/2019,Ath Madrid,Eibar,3,2,H
2019,SP1,01/09/2019,Espanol,Granada,0,3,A
2019,SP1,01/09/2019,Villarreal,Real Madrid,2,2,D
2019,SP1,13/09/2019,Mallorca,Ath Bilbao,0,0,D
2019,SP1,14/09/2019,Real Madrid,Levante,3,2,H
2019,SP1,14/09/2019,Leganes,Villarreal,0,3,A
2019,SP1,14/09/2019,Sociedad,Ath Madrid,2,0,H
2019,SP1,14/09/2019,Barcelona,Valencia,5,2,H
2019,SP1,15/09/2019,Eibar,Espanol,1,2,A
2019,SP1,15/09/2019,Alaves,Sevilla,0,1,A
2019,SP1,15/09/2019,Celta,Granada,0,2,A
2019,SP1,15/09/2019,Valladolid,Osasuna,1,1,D
2019,SP1,15/09/2019,Betis,Getafe,1,1,D
2019,SP1,20/09/2019,Osasuna,Betis,0,0,D
2019,SP1,21/09/2019,Villarreal,Valladolid,2,0,H
2019,SP1,21/09/2019,Levante,Eibar,0,0,D
2019,SP1,21/09/2019,Ath Madrid,Celta,0,0,D
2019,SP1,21/09/2019,Granada,Barcelona,2,0,H
2019,SP1,22/09/2019,Getafe,Mallorca,4,2,H
2019,SP1,22/09/2019,Espanol,Sociedad,1,3,A
2019,SP1,22/09/2019,Valencia,Leganes,1,1,D
2019,SP1,22/09/2019,Ath Bilbao,Alaves,2,0,H
2019,SP1,22/09/2019,Sevilla,Real Madrid,0,1,A
2019,SP1,24/09/2019,Valladolid,Granada,1,1,D
2019,SP1,24/09/2019,Betis,Levante,3,1,H
2019,SP1,24/09/2019,Barcelona,Villarreal,2,1,H
2019,SP1,25/09/2019,Leganes,Ath Bilbao,1,1,D
2019,SP1,25/09/2019,Mallorca,Ath Madrid,0,2,A
2019,SP1,25/09/2019,Valencia,Getafe,3,3,D
2019,SP1,25/09/2019,Real Madrid,Osasuna,2,0,H
2019,SP1,26/09/2019,Eibar,Sevilla,3,2,H
2019,SP1,26/09/2019,Celta,Espanol,1,1,D
2019,SP1,26/09/2019,Sociedad,Alaves,3,0,H
2019,SP1,27/09/2019,Villarreal,Betis,5,1,H
2019,SP1,28/09/2019,Ath Bilbao,Valencia,0,1,A
2019,SP1,28/09/2019,Getafe,Barcelona,0,2,A
2019,SP1,28/09/2019,Granada,Leganes,1,0,H
2019,SP1,28/09/2019,Ath Madrid,Real Madrid,0,0,D
2019,SP1,29/09/2019,Espanol,Valladolid,0,2,A
2019,SP1,29/09/2019,Eibar,Celta,2,0,H
2019,SP1,29/09/2019,Alaves,Mallorca,2,0,H
2019,SP1,29/09/2019,Levante,Osasuna,1,1,D
2019,SP1,29/09/2019,Sevilla,Sociedad,3,2,H
2019,SP1,04/10/2019,Betis,Eibar,1,1,D
2019,SP1,05/10/2019,Leganes,Levante,1,2,A
2019,SP1,05/10/2019,Real Madrid,Granada,4,2,H
2019,SP1,05/10/2019,Valencia,Alaves,2,1,H
2019,SP1,05/10/2019,Osasuna,Villarreal,2,1,H
2019,SP1,06/10/2019,Mallorca,Espanol,2,0,H
2019,SP1,06/10/2019,Celta,Ath Bilbao,1,0,H
2019,SP1,06/10/2019,Valladolid,Ath Madrid,0,0,D
2019,SP1,06/10/2019,Sociedad,Getafe,1,2,A
2019,SP1,06/10/2019,Barcelona,Sevilla,4,0,H
2019,SP1,18/10/2019,Granada,Osasuna,1,0,H
2019,SP1,19/10/2019,Eibar,Barcelona,0,3,A
2019,SP1,19/10/2019,Ath Madrid,Valencia,1,1,D
2019,SP1,19/10/2019,Getafe,Leganes,2,0,H
2019,SP1,19/10/2019,Mallorca,Real Madrid,1,0,H
2019,SP1,20/10/2019,Alaves,Celta,2,0,H
2019,SP1,20/10/2019,Sociedad,Betis,3,1,H
2019,SP1,20/10/2019,Espanol,Villarreal,0,1,A
2019,SP1,20/10/2019,Ath Bilbao,Valladolid,1,1,D
2019,SP1,20/10/2019,Sevilla,Levante,1,0,H
2019,SP1,25/10/2019,Villarreal,Alaves,4,1,H
2019,SP1,26/10/2019,Leganes,Mallorca,1,0,H
2019,SP1,26/10/2019,Valladolid,Eibar,2,0,H
2019,SP1,26/10/2019,Ath Madrid,Ath Bilbao,2,0,H
2019,SP1,27/10/2019,Celta,Sociedad,0,1,A
2019,SP1,27/10/2019,Granada,Betis,1,0,H
2019,SP1,27/10/2019,Levante,Espanol,0,1,A
2019,SP1,27/10/2019,Sevilla,Getafe,2,0,H
2019,SP1,27/10/2019,Osasuna,Valencia,3,1,H
2019,SP1,29/10/2019,Alaves,Ath Madrid,1,1,D
2019,SP1,29/10/2019,Barcelona,Valladolid,5,1,H
2019,SP1,30/10/2019,Sociedad,Levante,1,2,A
2019,SP1,30/10/2019,Valencia,Sevilla,1,1,D
2019,SP1,30/10/2019,Ath Bilbao,Espanol,3,0,H
2019,SP1,30/10/2019,Betis,Celta,2,1,H
2019,SP1,30/10/2019,Real Madrid,Leganes,5,0,H
2019,SP1,31/10/2019,Eibar,Villarreal,2,1,H
2019,SP1,31/10/2019,Mallorca,Osasuna,2,2,D
2019,SP1,31/10/2019,Getafe,Granada,3,1,H
2019,SP1,02/11/2019,Espanol,Valencia,1,2,A
2019,SP1,02/11/2019,Levante,Barcelona,3,1,H
2019,SP1,02/11/2019,Sevilla,Ath Madrid,1,1,D
2019,SP1,02/11/2019,Real Madrid,Betis,0,0,D
2019,SP1,03/11/2019,Valladolid,Mallorca,3,0,H
2019,SP1,03/11/2019,Villarreal,Ath Bilbao,0,0,D
2019,SP1,03/11/2019,Osasuna,Alaves,4,2,H
2019,SP1,03/11/2019,Celta,Getafe,0,1,A
2019,SP1,03/11/2019,Leganes,Eibar,1,2,A
2019,SP1,03/11/2019,Granada,Sociedad,1,2,A
2019,SP1,08/11/2019,Sociedad,Leganes,1,1,D
2019,SP1,09/11/2019,Alaves,Valladolid,3,0,H
2019,SP1,09/11/2019,Valencia,Granada,2,0,H
2019,SP1,09/11/2019,Eibar,Real Madrid,0,4,A
2019,SP1,09/11/2019,Barcelona,Celta,4,1,H
2019,SP1,10/11/2019,Mallorca,Villarreal,3,1,H
2019,SP1,10/11/2019,Ath Bilbao,Levante,2,1,H
2019,SP1,10/11/2019,Ath Madrid,Espanol,3,1,H
2019,SP1,10/11/2019,Getafe,Osasuna,0,0,D
2019,SP1,10/11/2019,Betis,Sevilla,1,2,A
2019,SP1,22/11/2019,Levante,Mallorca,2,1,H
2019,SP1,23/11/2019,Leganes,Barcelona,1,2,A
2019,SP1,23/11/2019,Betis,Valencia,2,1,H
2019,SP1,23/11/2019,Granada,Ath Madrid,1,1,D
2019,SP1,23/11/2019,Real Madrid,Sociedad,3,1,H
2019,SP1,24/11/2019,Espanol,Getafe,1,1,D
2019,SP1,24/11/2019,Osasuna,Ath Bilbao,1,2,A
2019,SP1,24/11/2019,Eibar,Alaves,0,2,A
2019,SP1,24/11/2019,Villarreal,Celta,1,3,A
2019,SP1,24/11/2019,Valladolid,Sevilla,0,1,A
2019,SP1,29/11/2019,Celta,Valladolid,0,0,D
2019,SP1,30/11/2019,Alaves,Real Madrid,1,2,A
2019,SP1,30/11/2019,Sociedad,Eibar,4,1,H
2019,SP1,30/11/2019,Mallorca,Betis,1,2,A
2019,SP1,30/11/2019,Valencia,Villarreal,2,1,H
2019,SP1,01/12/2019,Sevilla,Leganes,1,0,H
2019,SP1,01/12/2019,Ath Bilbao,Granada,2,0,H
2019,SP1,01/12/2019,Espanol,Osasuna,2,4,A
2019,SP1,01/12/2019,Getafe,Levante,4,0,H
2019,SP1,01/12/2019,Ath Madrid,Barcelona,0,1,A
2019,SP1,06/12/2019,Villarreal,Ath Madrid,0,0,D
2019,SP1,07/12/2019,Real Madrid,Espanol,2,0,H
2019,SP1,07/12/2019,Granada,Alaves,3,0,H
2019,SP1,07/12/2019,Levante,Valencia,2,4,A
2019,SP1,07/12/2019,Barcelona,Mallorca,5,2,H
2019,SP1,08/12/2019,Eibar,Getafe,0,1,A
2019,SP1,08/12/2019,Betis,Ath Bilbao,3,2,H
2019,SP1,08/12/2019,Valladolid,Sociedad,0,0,D
2019,SP1,08/12/2019,Leganes,Celta,3,2,H
2019,SP1,08/12/2019,Osasuna,Sevilla,1,1,D
2019,SP1,13/12/2019,Alaves,Leganes,1,1,D
2019,SP1,14/12/2019,Granada,Levante,1,2,A
2019,SP1,14/12/2019,Sociedad,Barcelona,2,2,D
2019,SP1,14/12/2019,Ath Bilbao,Eibar,0,0,D
2019,SP1,14/12/2019,Ath Madrid,Osasuna,2,0,H
2019,SP1,15/12/2019,Getafe,Valladolid,2,0,H
2019,SP1,15/12/2019,Celta,Mallorca,2,2,D
2019,SP1,15/12/2019,Espanol,Betis,2,2,D
2019,SP1,15/12/2019,Sevilla,Villarreal,1,2,A
2019,SP1,15/12/2019,Valencia,Real Madrid,1,1,D
2019,SP1,18/12/2019,Barcelona,Real Madrid,0,0,D
2019,SP1,20/12/2019,Eibar,Granada,3,0,H
2019,SP1,21/12/2019,Mallorca,Sevilla,0,2,A
2019,SP1,21/12/2019,Barcelona,Alaves,4,1,H
2019,SP1,21/12/2019,Villarreal,Getafe,1,0,H
2019,SP1,21/12/2019,Valladolid,Valencia,1,1,D
2019,SP1,22/12/2019,Leganes,Espanol,2,0,H
2019,SP1,22/12/2019,Osasuna,Sociedad,3,4,A
2019,SP1,22/12/2019,Betis,Ath Madrid,1,2,A
2019,SP1,22/12/2019,Levante,Celta,3,1,H
2019,SP1,22/12/2019,Real Madrid,Ath Bilbao,0,0,D
2020,SP1,03/01/2020,Valladolid,Leganes,2,2,D
2020,SP1,03/01/2020,Sevilla,Ath Bilbao,1,1,D
2020,SP1,04/01/2020,Valencia,Eibar,1,0,H
2020,SP1,04/01/2020,Getafe,Real Madrid,0,3,A
2020,SP1,04/01/2020,Ath Madrid,Levante,2,1,H
2020,SP1,04/01/2020,Espanol,Barcelona,2,2,D
2020,SP1,05/01/2020,Granada,Mallorca,1,0,H
2020,SP1,05/01/2020,Sociedad,Villarreal,1,2,A
2020,SP1,05/01/2020,Alaves,Betis,1,1,D
2020,SP1,05/01/2020,Celta,Osasuna,1,1,D
2020,SP1,17/01/2020,Leganes,Getafe,0,3,A
2020,SP1,18/01/2020,Levante,Alaves,0,1,A
2020,SP1,18/01/2020,Real Madrid,Sevilla,2,1,H
2020,SP1,18/01/2020,Osasuna,Valladolid,0,0,D
2020,SP1,18/01/2020,Eibar,Ath Madrid,2,0,H
2020,SP1,19/01/2020,Mallorca,Valencia,4,1,H
2020,SP1,19/01/2020,Betis,Sociedad,3,0,H
2020,SP1,19/01/2020,Villarreal,Espanol,1,2,A
2020,SP1,19/01/2020,Ath Bilbao,Celta,1,1,D
2020,SP1,19/01/2020,Barcelona,Granada,1,0,H
2020,SP1,24/01/2020,Osasuna,Levante,2,0,H
2020,SP1,25/01/2020,Espanol,Ath Bilbao,1,1,D
2020,SP1,25/01/2020,Valencia,Barcelona,2,0,H
2020,SP1,25/01/2020,Alaves,Villarreal,1,2,A
2020,SP1,25/01/2020,Sevilla,Granada,2,0,H
2020,SP1,26/01/2020,Ath Madrid,Leganes,0,0,D
2020,SP1,26/01/2020,Celta,Eibar,0,0,D
2020,SP1,26/01/2020,Getafe,Betis,1,0,H
2020,SP1,26/01/2020,Sociedad,Mallorca,3,0,H
2020,SP1,26/01/2020,Valladolid,Real Madrid,0,1,A
2020,SP1,01/02/2020,Granada,Espanol,2,1,H
2020,SP1,01/02/2020,Real Madrid,Ath Madrid,1,0,H
2020,SP1,01/02/2020,Mallorca,Valladolid,0,1,A
2020,SP1,01/02/2020,Valencia,Celta,1,0,H
2020,SP1,02/02/2020,Leganes,Sociedad,2,1,H
2020,SP1,02/02/2020,Eibar,Betis,1,1,D
2020,SP1,02/02/2020,Ath Bilbao,Getafe,0,2,A
2020,SP1,02/02/2020,Sevilla,Alaves,1,1,D
2020,SP1,02/02/2020,Villarreal,Osasuna,3,1,H
2020,SP1,02/02/2020,Barcelona,Levante,2,1,H
2020,SP1,07/02/2020,Alaves,Eibar,2,1,H
2020,SP1,08/02/2020,Levante,Leganes,2,0,H
2020,SP1,08/02/2020,Getafe,Valencia,3,0,H
2020,SP1,08/02/2020,Valladolid,Villarreal,1,1,D
2020,SP1,08/02/2020,Ath Madrid,Granada,1,0,H
2020,SP1,09/02/2020,Espanol,Mallorca,1,0,H
2020,SP1,09/02/2020,Sociedad,Ath Bilbao,2,1,H
2020,SP1,09/02/2020,Osasuna,Real Madrid,1,4,A
2020,SP1,09/02/2020,Celta,Sevilla,2,1,H
2020,SP1,09/02/2020,Betis,Barcelona,2,3,A
2020,SP1,14/02/2020,Valencia,Ath Madrid,2,2,D
2020,SP1,15/02/2020,Mallorca,Alaves,1,0,H
2020,SP1,15/02/2020,Barcelona,Getafe,2,1,H
2020,SP1,15/02/2020,Villarreal,Levante,2,1,H
2020,SP1,15/02/2020,Granada,Valladolid,2,1,H
2020,SP1,16/02/2020,Sevilla,Espanol,2,2,D
2020,SP1,16/02/2020,Leganes,Betis,0,0,D
2020,SP1,16/02/2020,Ath Bilbao,Osasuna,0,1,A
2020,SP1,16/02/2020,Real Madrid,Celta,2,2,D
2020,SP1,21/02/2020,Betis,Mallorca,3,3,D
2020,SP1,22/02/2020,Celta,Leganes,1,0,H
2020,SP1,22/02/2020,Barcelona,Eibar,5,0,H
2020,SP1,22/02/2020,Sociedad,Valencia,3,0,H
2020,SP1,22/02/2020,Levante,Real Madrid,1,0,H
2020,SP1,23/02/2020,Osasuna,Granada,0,3,A
2020,SP1,23/02/2020,Alaves,Ath Bilbao,2,1,H
2020,SP1,23/02/2020,Valladolid,Espanol,2,1,H
2020,SP1,23/02/2020,Getafe,Sevilla,0,3,A
2020,SP1,23/02/2020,Ath Madrid,Villarreal,3,1,H
2020,SP1,28/02/2020,Sociedad,Valladolid,1,0,H
2020,SP1,29/02/2020,Eibar,Levante,3,0,H
2020,SP1,29/02/2020,Valencia,Betis,2,1,H
2020,SP1,29/02/2020,Leganes,Alaves,1,1,D
2020,SP1,29/02/2020,Granada,Celta,0,0,D
2020,SP1,01/03/2020,Sevilla,Osasuna,3,2,H
2020,SP1,01/03/2020,Ath Bilbao,Villarreal,1,0,H
2020,SP1,01/03/2020,Espanol,Ath Madrid,1,1,D
2020,SP1,01/03/2020,Mallorca,Getafe,0,1,A
2020,SP1,01/03/2020,Real Madrid,Barcelona,2,0,H
2020,SP1,06/03/2020,Alaves,Valencia,1,1,D
2020,SP1,07/03/2020,Eibar,Mallorca,1,2,A
2020,SP1,07/03/2020,Ath Madrid,Sevilla,2,2,D
2020,SP1,07/03/2020,Barcelona,Sociedad,1,0,H
2020,SP1,07/03/2020,Getafe,Celta,0,0,D
2020,SP1,08/03/2020,Osasuna,Espanol,1,0,H
2020,SP1,08/03/2020,Valladolid,Ath Bilbao,1,4,A
2020,SP1,08/03/2020,Levante,Granada,1,1,D
2020,SP1,08/03/2020,Villarreal,Leganes,1,2,A
2020,SP1,08/03/2020,Betis,Real Madrid,2,1,H
2020,SP1,10/03/2020,Eibar,Sociedad,1,2,A
2020,SP1,11/06/2020,Sevilla,Betis,2,0,H
2020,SP1,12/06/2020,Granada,Getafe,2,1,H
2020,SP1,12/06/2020,Valencia,Levante,1,1,D
2020,SP1,13/06/2020,Espanol,Alaves,2,0,H
2020,SP1,13/06/2020,Celta,Villarreal,0,1,A
2020,SP1,13/06/2020,Leganes,Valladolid,1,2,A
2020,SP1,13/06/2020,Mallorca,Barcelona,0,4,A
2020,SP1,14/06/2020,Ath Bilbao,Ath Madrid,1,1,D
2020,SP1,14/06/2020,Real Madrid,Eibar,3,1,H
2020,SP1,14/06/2020,Sociedad,Osasuna,1,1,D
2020,SP1,15/06/2020,Levante,Sevilla,1,1,D
2020,SP1,15/06/2020,Betis,Granada,2,2,D
2020,SP1,16/06/2020,Getafe,Espanol,0,0,D
2020,SP1,16/06/2020,Villarreal,Mallorca,1,0,H
2020,SP1,16/06/2020,Barcelona,Leganes,2,0,H
2020,SP1,17/06/2020,Eibar,Ath Bilbao,2,2,D
2020,SP1,17/06/2020,Valladolid,Celta,0,0,D
2020,SP1,17/06/2020,Osasuna,Ath Madrid,0,5,A
2020,SP1,18/06/2020,Alaves,Sociedad,2,0,H
2020,SP1,18/06/2020,Real Madrid,Valencia,3,0,H
2020,SP1,19/06/2020,Granada,Villarreal,0,1,A
2020,SP1,19/06/2020,Mallorca,Leganes,1,1,D
2020,SP1,19/06/2020,Sevilla,Barcelona,0,0,D
2020,SP1,20/06/2020,Espanol,Levante,1,3,A
2020,SP1,20/06/2020,Ath Bilbao,Betis,1,0,H
2020,SP1,20/06/2020,Getafe,Eibar,1,1,D
2020,SP1,20/06/2020,Ath Madrid,Valladolid,1,0,H
2020,SP1,21/06/2020,Celta,Alaves,6,0,H
2020,SP1,21/06/2020,Valencia,Osasuna,2,0,H
2020,SP1,21/06/2020,Sociedad,Real Madrid,1,2,A
2020,SP1,22/06/2020,Villarreal,Sevilla,2,2,D
2020,SP1,22/06/2020,Leganes,Granada,0,0,D
2020,SP1,23/06/2020,Levante,Ath Madrid,0,1,A
2020,SP1,23/06/2020,Valladolid,Getafe,1,1,D
2020,SP1,23/06/2020,Barcelona,Ath Bilbao,1,0,H
2020,SP1,24/06/2020,Alaves,Osasuna,0,1,A
2020,SP1,24/06/2020,Sociedad,Celta,0,1,A
2020,SP1,24/06/2020,Real Madrid,Mallorca,2,0,H
2020,SP1,25/06/2020,Eibar,Valencia,1,0,H
2020,SP1,25/06/2020,Betis,Espanol,1,0,H
2020,SP1,26/06/2020,Sevilla,Valladolid,1,1,D
2020,SP1,27/06/2020,Ath Bilbao,Mallorca,3,1,H
2020,SP1,27/06/2020,Celta,Barcelona,2,2,D
2020,SP1,27/06/2020,Osasuna,Leganes,2,1,H
2020,SP1,27/06/2020,Ath Madrid,Alaves,2,1,H
2020,SP1,28/06/2020,Levante,Betis,4,2,H
2020,SP1,28/06/2020,Villarreal,Valencia,2,0,H
2020,SP1,28/06/2020,Granada,Eibar,1,2,A
2020,SP1,28/06/2020,Espanol,Real Madrid,0,1,A
2020,SP1,29/06/2020,Getafe,Sociedad,2,1,H
2020,SP1,30/06/2020,Mallorca,Celta,5,1,H
2020,SP1,30/06/2020,Leganes,Sevilla,0,3,A
2020,SP1,30/06/2020,Barcelona,Ath Madrid,2,2,D
2020,SP1,01/07/2020,Alaves,Granada,0,2,A
2020,SP1,01/07/2020,Valencia,Ath Bilbao,0,2,A
2020,SP1,01/07/2020,Betis,Villarreal,0,2,A
2020,SP1,01/07/2020,Valladolid,Levante,0,0,D
2020,SP1,02/07/2020,Eibar,Osasuna,0,2,A
2020,SP1,02/07/2020,Sociedad,Espanol,2,1,H
2020,SP1,02/07/2020,Real Madrid,Getafe,1,0,H
2020,SP1,03/07/2020,Ath Madrid,Mallorca,3,0,H
2020,SP1,04/07/2020,Celta,Betis,1,1,D
2020,SP1,04/07/2020,Valladolid,Alaves,1,0,H
2020,SP1,04/07/2020,Granada,Valencia,2,2,D
2020,SP1,05/07/2020,Ath Bilbao,Real Madrid,0,1,A
2020,SP1,05/07/2020,Espanol,Leganes,0,1,A
2020,SP1,05/07/2020,Osasuna,Getafe,0,0,D
2020,SP1,05/07/2020,Villarreal,Barcelona,1,4,A
2020,SP1,06/07/2020,Levante,Sociedad,1,1,D
2020,SP1,06/07/2020,Sevilla,Eibar,1,0,H
2020,SP1,07/07/2020,Valencia,Valladolid,2,1,H
2020,SP1,07/07/2020,Celta,Ath Madrid,1,1,D
2020,SP1,08/07/2020,Betis,Osasuna,3,0,H
2020,SP1,08/07/2020,Getafe,Villarreal,1,3,A
2020,SP1,08/07/2020,Barcelona,Espanol,1,0,H
2020,SP1,09/07/2020,Eibar,Leganes,0,0,D
2020,SP1,09/07/2020,Mallorca,Levante,2,0,H
2020,SP1,09/07/2020,Ath Bilbao,Sevilla,1,2,A
2020,SP1,10/07/2020,Sociedad,Granada,2,3,A
2020,SP1,10/07/2020,Real Madrid,Alaves,2,0,H
2020,SP1,11/07/2020,Osasuna,Celta,2,1,H
2020,SP1,11/07/2020,Valladolid,Barcelona,0,1,A
2020,SP1,11/07/2020,Ath Madrid,Betis,1,0,H
2020,SP1,12/07/2020,Espanol,Eibar,0,2,A
2020,SP1,12/07/2020,Levante,Ath Bilbao,1,2,A
2020,SP1,12/07/2020,Leganes,Valencia,1,0,H
2020,SP1,12/07/2020,Sevilla,Mallorca,2,0,H
2020,SP1,13/07/2020,Alaves,Getafe,0,0,D
2020,SP1,13/07/2020,Villarreal,Sociedad,1,2,A
2020,SP1,13/07/2020,Granada,Real Madrid,1,2,A
2020,SP1,16/07/2020,Eibar,Valladolid,3,1,H
2020,SP1,16/07/2020,Ath Bilbao,Leganes,0,2,A
2020,SP1,16/07/2020,Barcelona,Osasuna,1,2,A
2020,SP1,16/07/2020,Betis,Alaves,1,2,A
2020,SP1,16/07/2020,Celta,Levante,2,3,A
2020,SP1,16/07/2020,Getafe,Ath Madrid,0,2,A
2020,SP1,16/07/2020,Mallorca,Granada,1,2,A
2020,SP1,16/07/2020,Real Madrid,Villarreal,2,1,H
2020,SP1,16/07/2020,Sociedad,Sevilla,0,0,D
2020,SP1,16/07/2020,Valencia,Espanol,1,0,H
2020,SP1,19/07/2020,Alaves,Barcelona,0,5,A
2020,SP1,19/07/2020,Valladolid,Betis,2,0,H
2020,SP1,19/07/2020,Villarreal,Eibar,4,0,H
2020,SP1,19/07/2020,Ath Madrid,Sociedad,1,1,D
2020,SP1,19/07/2020,Espanol,Celta,0,0,D
2020,SP1,19/07/2020,Granada,Ath Bilbao,4,0,H
2020,SP1,19/07/2020,Leganes,Real Madrid,2,2,D
2020,SP1,19/07/2020,Levante,Getafe,1,0,H
2020,SP1,19/07/2020,Osasuna,Mallorca,2,2,D
2020,SP1,19/07/2020,Sevilla,Valencia,1,0,H
2020,SP1,12/09/2020,Eibar,Celta,0,0,D
2020,SP1,12/09/2020,Granada,Ath Bilbao,2,0,H
2020,SP1,12/09/2020,Cadiz,Osasuna,0,2,A
2020,SP1,13/09/2020,Alaves,Betis,0,1,A
2020,SP1,13/09/2020,Valladolid,Sociedad,1,1,D
2020,SP1,13/09/2020,Villarreal,Huesca,1,1,D
2020,SP1,13/09/2020,Valencia,Levante,4,2,H
2020,SP1,19/09/2020,Villarreal,Eibar,2,1,H
2020,SP1,19/09/2020,Getafe,Osasuna,1,0,H
2020,SP1,19/09/2020,Celta,Valencia,2,1,H
2020,SP1,20/09/2020,Huesca,Cadiz,0,2,A
2020,SP1,20/09/2020,Betis,Valladolid,2,0,H
2020,SP1,20/09/2020,Granada,Alaves,2,1,H
2020,SP1,20/09/2020,Sociedad,Real Madrid,0,0,D
2020,SP1,26/09/2020,Alaves,Getafe,0,0,D
2020,SP1,26/09/2020,Valencia,Huesca,1,1,D
2020,SP1,26/09/2020,Elche,Sociedad,0,3,A
2020,SP1,26/09/2020,Betis,Real Madrid,2,3,A
2020,SP1,27/09/2020,Osasuna,Levante,1,3,A
2020,SP1,27/09/2020,Eibar,Ath Bilbao,1,2,A
2020,SP1,27/09/2020,Ath Madrid,Granada,6,1,H
2020,SP1,27/09/2020,Cadiz,Sevilla,1,3,A
2020,SP1,27/09/2020,Valladolid,Celta,1,1,D
2020,SP1,27/09/2020,Barcelona,Villarreal,4,0,H
2020,SP1,29/09/2020,Sociedad,Valencia,0,1,A
2020,SP1,29/09/2020,Getafe,Betis,3,0,H
2020,SP1,30/09/2020,Huesca,Ath Madrid,0,0,D
2020,SP1,30/09/2020,Villarreal,Alaves,3,1,H
2020,SP1,30/09/2020,Eibar,Elche,0,1,A
2020,SP1,30/09/2020,Real Madrid,Valladolid,1,0,H
2020,SP1,01/10/2020,Ath Bilbao,Cadiz,0,1,A
2020,SP1,01/10/2020,Sevilla,Levante,1,0,H
2020,SP1,01/10/2020,Celta,Barcelona,0,3,A
2020,SP1,03/10/2020,Valladolid,Eibar,1,2,A
2020,SP1,03/10/2020,Ath Madrid,Villarreal,0,0,D
2020,SP1,03/10/2020,Elche,Huesca,0,0,D
2020,SP1,03/10/2020,Sociedad,Getafe,3,0,H
2020,SP1,03/10/2020,Valencia,Betis,0,2,A
2020,SP1,04/10/2020,Osasuna,Celta,2,0,H
2020,SP1,04/10/2020,Alaves,Ath Bilbao,1,0,H
2020,SP1,04/10/2020,Levante,Real Madrid,0,2,A
2020,SP1,04/10/2020,Cadiz,Granada,1,1,D
2020,SP1,04/10/2020,Barcelona,Sevilla,1,1,D
2020,SP1,17/10/2020,Granada,Sevilla,1,0,H
2020,SP1,17/10/2020,Celta,Ath Madrid,0,2,A
2020,SP1,17/10/2020,Real Madrid,Cadiz,0,1,A
2020,SP1,17/10/2020,Getafe,Barcelona,1,0,H
2020,SP1,18/10/2020,Eibar,Osasuna,0,0,D
2020,SP1,18/10/2020,Ath Bilbao,Levante,2,0,H
2020,SP1,18/10/2020,Villarreal,Valencia,2,1,H
2020,SP1,18/10/2020,Alaves,Elche,0,2,A
2020,SP1,18/10/2020,Huesca,Valladolid,2,2,D
2020,SP1,18/10/2020,Betis,Sociedad,0,3,A
2020,SP1,23/10/2020,Elche,Valencia,2,1,H
2020,SP1,24/10/2020,Barcelona,Real Madrid,1,3,A
2020,SP1,24/10/2020,Osasuna,Ath Bilbao,1,0,H
2020,SP1,24/10/2020,Sevilla,Eibar,0,1,A
2020,SP1,24/10/2020,Ath Madrid,Betis,2,0,H
2020,SP1,25/10/2020,Valladolid,Alaves,0,2,A
2020,SP1,25/10/2020,Cadiz,Villarreal,0,0,D
2020,SP1,25/10/2020,Getafe,Granada,0,1,A
2020,SP1,25/10/2020,Sociedad,Huesca,4,1,H
2020,SP1,26/10/2020,Levante,Celta,1,1,D
2020,SP1,30/10/2020,Eibar,Cadiz,0,2,A
2020,SP1,31/10/2020,Real Madrid,Huesca,4,1,H
2020,SP1,31/10/2020,Ath Bilbao,Sevilla,2,1,H
2020,SP1,31/10/2020,Osasuna,Ath Madrid,1,3,A
2020,SP1,31/10/2020,Alaves,Barcelona,1,1,D
2020,SP1,01/11/2020,Betis,Elche,3,1,H
2020,SP1,01/11/2020,Celta,Sociedad,1,4,A
2020,SP1,01/11/2020,Granada,Levante,1,1,D
2020,SP1,01/11/2020,Valencia,Getafe,2,2,D
2020,SP1,02/11/2020,Villarreal,Valladolid,2,0,H
2020,SP1,06/11/2020,Elche,Celta,1,1,D
2020,SP1,07/11/2020,Huesca,Eibar,1,1,D
2020,SP1,07/11/2020,Barcelona,Betis,5,2,H
2020,SP1,07/11/2020,Sevilla,Osasuna,1,0,H
2020,SP1,07/11/2020,Ath Madrid,Cadiz,4,0,H
2020,SP1,08/11/2020,Getafe,Villarreal,1,3,A
2020,SP1,08/11/2020,Sociedad,Granada,2,0,H
2020,SP1,08/11/2020,Levante,Alaves,1,1,D
2020,SP1,08/11/2020,Valladolid,Ath Bilbao,2,1,H
2020,SP1,08/11/2020,Valencia,Real Madrid,4,1,H
2020,SP1,20/11/2020,Osasuna,Huesca,1,1,D
2020,SP1,21/11/2020,Levante,Elche,1,1,D
2020,SP1,21/11/2020,Villarreal,Real Madrid,1,1,D
2020,SP1,21/11/2020,Sevilla,Celta,4,2,H
2020,SP1,21/11/2020,Ath Madrid,Barcelona,1,0,H
2020,SP1,22/11/2020,Eibar,Getafe,0,0,D
2020,SP1,22/11/2020,Cadiz,Sociedad,0,1,A
2020,SP1,22/11/2020,Granada,Valladolid,1,3,A
2020,SP1,22/11/2020,Alaves,Valencia,2,2,D
2020,SP1,23/11/2020,Ath Bilbao,Betis,4,0,H
2020,SP1,27/11/2020,Valladolid,Levante,1,1,D
2020,SP1,28/11/2020,Elche,Cadiz,1,1,D
2020,SP1,28/11/2020,Valencia,Ath Madrid,0,1,A
2020,SP1,28/11/2020,Huesca,Sevilla,0,1,A
2020,SP1,28/11/2020,Real Madrid,Alaves,1,2,A
2020,SP1,29/11/2020,Barcelona,Osasuna,4,0,H
2020,SP1,29/11/2020,Getafe,Ath Bilbao,1,1,D
2020,SP1,29/11/2020,Celta,Granada,3,1,H
2020,SP1,29/11/2020,Sociedad,Villarreal,1,1,D
2020,SP1,30/11/2020,Betis,Eibar,0,2,A
2020,SP1,04/12/2020,Ath Bilbao,Celta,0,2,A
2020,SP1,05/12/2020,Levante,Getafe,3,0,H
2020,SP1,05/12/2020,Sevilla,Real Madrid,0,1,A
2020,SP1,05/12/2020,Ath Madrid,Valladolid,2,0,H
2020,SP1,05/12/2020,Cadiz,Barcelona,2,1,H
2020,SP1,06/12/2020,Granada,Huesca,3,3,D
2020,SP1,06/12/2020,Osasuna,Betis,0,2,A
2020,SP1,06/12/2020,Villarreal,Elche,0,0,D
2020,SP1,06/12/2020,Alaves,Sociedad,0,0,D
2020,SP1,07/12/2020,Eibar,Valencia,0,0,D
2020,SP1,11/12/2020,Valladolid,Osasuna,3,2,H
2020,SP1,12/12/2020,Valencia,Ath Bilbao,2,2,D
2020,SP1,12/12/2020,Getafe,Sevilla,0,1,A
2020,SP1,12/12/2020,Huesca,Alaves,1,0,H
2020,SP1,12/12/2020,Real Madrid,Ath Madrid,2,0,H
2020,SP1,13/12/2020,Sociedad,Eibar,1,1,D
2020,SP1,13/12/2020,Betis,Villarreal,1,1,D
2020,SP1,13/12/2020,Elche,Granada,0,1,A
2020,SP1,13/12/2020,Barcelona,Levante,1,0,H
2020,SP1,14/12/2020,Celta,Cadiz,4,0,H
2020,SP1,15/12/2020,Real Madrid,Ath Bilbao,3,1,H
2020,SP1,16/12/2020,Barcelona,Sociedad,2,1,H
2020,SP1,18/12/2020,Ath Bilbao,Huesca,2,0,H
2020,SP1,19/12/2020,Ath Madrid,Elche,3,1,H
2020,SP1,19/12/2020,Barcelona,Valencia,2,2,D
2020,SP1,19/12/2020,Levante,Sociedad,2,1,H
2020,SP1,19/12/2020,Osasuna,Villarreal,1,3,A
2020,SP1,19/12/2020,Sevilla,Valladolid,1,1,D
2020,SP1,20/12/2020,Celta,Alaves,2,0,H
2020,SP1,20/12/2020,Granada,Betis,2,0,H
2020,SP1,20/12/2020,Cadiz,Getafe,0,2,A
2020,SP1,20/12/2020,Eibar,Real Madrid,1,3,A
2020,SP1,22/12/2020,Elche,Osasuna,2,2,D
2020,SP1,22/12/2020,Valencia,Sevilla,0,1,A
2020,SP1,22/12/2020,Huesca,Levante,1,1,D
2020,SP1,22/12/2020,Sociedad,Ath Madrid,0,2,A
2020,SP1,22/12/2020,Valladolid,Barcelona,0,3,A
2020,SP1,22/12/2020,Villarreal,Ath Bilbao,1,1,D
2020,SP1,23/12/2020,Getafe,Celta,1,1,D
2020,SP1,23/12/2020,Real Madrid,Granada,2,0,H
2020,SP1,23/12/2020,Alaves,Eibar,2,1,H
2020,SP1,23/12/2020,Betis,Cadiz,1,0,H
2020,SP1,29/12/2020,Sevilla,Villarreal,2,0,H
2020,SP1,29/12/2020,Barcelona,Eibar,1,1,D
2020,SP1,29/12/2020,Cadiz,Valladolid,0,0,D
2020,SP1,29/12/2020,Levante,Betis,4,3,H
2020,SP1,30/12/2020,Granada,Valencia,2,1,H
2020,SP1,30/12/2020,Ath Madrid,Getafe,1,0,H
2020,SP1,30/12/2020,Celta,Huesca,2,1,H
2020,SP1,30/12/2020,Elche,Real Madrid,1,1,D
2020,SP1,31/12/2020,Ath Bilbao,Sociedad,0,1,A
2020,SP1,31/12/2020,Osasuna,Alaves,1,1,D
2021,SP1,02/01/2021,Villarreal,Levante,2,1,H
2021,SP1,02/01/2021,Betis,Sevilla,1,1,D
2021,SP1,02/01/2021,Getafe,Valladolid,0,1,A
2021,SP1,02/01/2021,Real Madrid,Celta,2,0,H
2021,SP1,03/01/2021,Ath Bilbao,Elche,1,0,H
2021,SP1,03/01/2021,Alaves,Ath Madrid,1,2,A
2021,SP1,03/01/2021,Eibar,Granada,2,0,H
2021,SP1,03/01/2021,Sociedad,Osasuna,1,1,D
2021,SP1,03/01/2021,Huesca,Barcelona,0,1,A
2021,SP1,04/01/2021,Valencia,Cadiz,1,1,D
2021,SP1,06/01/2021,Ath Bilbao,Barcelona,2,3,A
2021,SP1,08/01/2021,Celta,Villarreal,0,4,A
2021,SP1,09/01/2021,Sevilla,Sociedad,3,2,H
2021,SP1,09/01/2021,Granada,Barcelona,0,4,A
2021,SP1,09/01/2021,Osasuna,Real Madrid,0,0,D
2021,SP1,10/01/2021,Levante,Eibar,2,1,H
2021,SP1,10/01/2021,Cadiz,Alaves,3,1,H
2021,SP1,10/01/2021,Valladolid,Valencia,0,1,A
2021,SP1,11/01/2021,Elche,Getafe,1,3,A
2021,SP1,11/01/2021,Huesca,Betis,0,2,A
2021,SP1,12/01/2021,Granada,Osasuna,2,0,H
2021,SP1,12/01/2021,Ath Madrid,Sevilla,2,0,H
2021,SP1,19/01/2021,Cadiz,Levante,2,2,D
2021,SP1,19/01/2021,Valladolid,Elche,2,2,D
2021,SP1,19/01/2021,Alaves,Sevilla,1,2,A
2021,SP1,20/01/2021,Getafe,Huesca,1,0,H
2021,SP1,20/01/2021,Betis,Celta,2,1,H
2021,SP1,20/01/2021,Villarreal,Granada,2,2,D
2021,SP1,21/01/2021,Valencia,Osasuna,1,1,D
2021,SP1,21/01/2021,Eibar,Ath Madrid,1,2,A
2021,SP1,22/01/2021,Levante,Valladolid,2,2,D
2021,SP1,23/01/2021,Huesca,Villarreal,0,0,D
2021,SP1,23/01/2021,Sevilla,Cadiz,3,0,H
2021,SP1,23/01/2021,Sociedad,Betis,2,2,D
2021,SP1,23/01/2021,Alaves,Real Madrid,1,4,A
2021,SP1,24/01/2021,Osasuna,Granada,3,1,H
2021,SP1,24/01/2021,Elche,Barcelona,0,2,A
2021,SP1,24/01/2021,Celta,Eibar,1,1,D
2021,SP1,24/01/2021,Ath Madrid,Valencia,3,1,H
2021,SP1,25/01/2021,Ath Bilbao,Getafe,5,1,H
2021,SP1,29/01/2021,Valladolid,Huesca,1,3,A
2021,SP1,30/01/2021,Eibar,Sevilla,0,2,A
2021,SP1,30/01/2021,Real Madrid,Levante,1,2,A
2021,SP1,30/01/2021,Valencia,Elche,1,0,H
2021,SP1,30/01/2021,Villarreal,Sociedad,1,1,D
2021,SP1,31/01/2021,Getafe,Alaves,0,0,D
2021,SP1,31/01/2021,Cadiz,Ath Madrid,2,4,A
2021,SP1,31/01/2021,Granada,Celta,0,0,D
2021,SP1,31/01/2021,Barcelona,Ath Bilbao,2,1,H
2021,SP1,01/02/2021,Betis,Osasuna,1,0,H
2021,SP1,05/02/2021,Alaves,Valladolid,1,0,H
2021,SP1,06/02/2021,Levante,Granada,2,2,D
2021,SP1,06/02/2021,Huesca,Real Madrid,1,2,A
2021,SP1,06/02/2021,Elche,Villarreal,2,2,D
2021,SP1,06/02/2021,Sevilla,Getafe,3,0,H
2021,SP1,07/02/2021,Sociedad,Cadiz,4,1,H
2021,SP1,07/02/2021,Ath Bilbao,Valencia,1,1,D
2021,SP1,07/02/2021,Osasuna,Eibar,2,1,H
2021,SP1,07/02/2021,Betis,Barcelona,2,3,A
2021,SP1,08/02/2021,Ath Madrid,Celta,2,2,D
2021,SP1,09/02/2021,Real Madrid,Getafe,2,0,H
2021,SP1,12/02/2021,Celta,Elche,3,1,H
2021,SP1,13/02/2021,Granada,Ath Madrid,1,2,A
2021,SP1,13/02/2021,Sevilla,Huesca,1,0,H
2021,SP1,13/02/2021,Eibar,Valladolid,1,1,D
2021,SP1,13/02/2021,Barcelona,Alaves,5,1,H
2021,SP1,14/02/2021,Getafe,Sociedad,0,1,A
2021,SP1,14/02/2021,Real Madrid,Valencia,2,0,H
2021,SP1,14/02/2021,Levante,Osasuna,0,1,A
2021,SP1,14/02/2021,Villarreal,Betis,1,2,A
2021,SP1,15/02/2021,Cadiz,Ath Bilbao,0,4,A
2021,SP1,17/02/2021,Levante,Ath Madrid,1,1,D
2021,SP1,19/02/2021,Betis,Getafe,1,0,H
2021,SP1,20/02/2021,Elche,Eibar,1,0,H
2021,SP1,20/02/2021,Ath Madrid,Levante,0,2,A
2021,SP1,20/02/2021,Valencia,Celta,2,0,H
2021,SP1,20/02/2021,Valladolid,Real Madrid,0,1,A
2021,SP1,21/02/2021,Barcelona,Cadiz,1,1,D
2021,SP1,21/02/2021,Sociedad,Alaves,4,0,H
2021,SP1,21/02/2021,Huesca,Granada,3,2,H
2021,SP1,21/02/2021,Ath Bilbao,Villarreal,1,1,D
2021,SP1,22/02/2021,Osasuna,Sevilla,0,2,A
2021,SP1,24/02/2021,Barcelona,Elche,3,0,H
2021,SP1,26/02/2021,Levante,Ath Bilbao,1,1,D
2021,SP1,27/02/2021,Eibar,Huesca,1,1,D
2021,SP1,27/02/2021,Sevilla,Barcelona,0,2,A
2021,SP1,27/02/2021,Alaves,Osasuna,0,1,A
2021,SP1,27/02/2021,Getafe,Valencia,3,0,H
2021,SP1,28/02/2021,Celta,Valladolid,1,1,D
2021,SP1,28/02/2021,Cadiz,Betis,0,1,A
2021,SP1,28/02/2021,Granada,Elche,2,1,H
2021,SP1,28/02/2021,Villarreal,Ath Madrid,0,2,A
2021,SP1,01/03/2021,Real Madrid,Sociedad,1,1,D
2021,SP1,05/03/2021,Valencia,Villarreal,2,1,H
2021,SP1,06/03/2021,Valladolid,Getafe,2,1,H
2021,SP1,06/03/2021,Elche,Sevilla,2,1,H
2021,SP1,06/03/2021,Cadiz,Eibar,1,0,H
2021,SP1,06/03/2021,Osasuna,Barcelona,0,2,A
2021,SP1,07/03/2021,Huesca,Celta,3,4,A
2021,SP1,07/03/2021,Ath Madrid,Real Madrid,1,1,D
2021,SP1,07/03/2021,Sociedad,Levante,1,0,H
2021,SP1,07/03/2021,Ath Bilbao,Granada,2,1,H
2021,SP1,08/03/2021,Betis,Alaves,3,2,H
2021,SP1,10/03/2021,Ath Madrid,Ath Bilbao,2,1,H
2021,SP1,12/03/2021,Levante,Valencia,1,0,H
2021,SP1,13/03/2021,Alaves,Cadiz,1,1,D
2021,SP1,13/03/2021,Real Madrid,Elche,2,1,H
2021,SP1,13/03/2021,Osasuna,Valladolid,0,0,D
2021,SP1,13/03/2021,Getafe,Ath Madrid,0,0,D
2021,SP1,14/03/2021,Celta,Ath Bilbao,0,0,D
2021,SP1,14/03/2021,Granada,Sociedad,1,0,H
2021,SP1,14/03/2021,Eibar,Villarreal,1,3,A
2021,SP1,14/03/2021,Sevilla,Betis,1,0,H
2021,SP1,15/03/2021,Barcelona,Huesca,4,1,H
2021,SP1,17/03/2021,Sevilla,Elche,2,0,H
2021,SP1,19/03/2021,Betis,Levante,2,0,H
2021,SP1,20/03/2021,Ath Bilbao,Eibar,1,1,D
2021,SP1,20/03/2021,Celta,Real Madrid,1,3,A
2021,SP1,20/03/2021,Huesca,Osasuna,0,0,D
2021,SP1,20/03/2021,Valladolid,Sevilla,1,1,D
2021,SP1,21/03/2021,Getafe,Elche,1,1,D
2021,SP1,21/03/2021,Valencia,Granada,2,1,H
2021,SP1,21/03/2021,Villarreal,Cadiz,2,1,H
2021,SP1,21/03/2021,Ath Madrid,Alaves,1,0,H
2021,SP1,21/03/2021,Sociedad,Barcelona,1,6,A
2021,SP1,02/04/2021,Levante,Huesca,0,2,A
2021,SP1,03/04/2021,Granada,Villarreal,0,3,A
2021,SP1,03/04/2021,Real Madrid,Eibar,2,0,H
2021,SP1,03/04/2021,Osasuna,Getafe,0,0,D
2021,SP1,04/04/2021,Alaves,Celta,1,3,A
2021,SP1,04/04/2021,Elche,Betis,1,1,D
2021,SP1,04/04/2021,Cadiz,Valencia,2,1,H
2021,SP1,04/04/2021,Sevilla,Ath Madrid,1,0,H
2021,SP1,05/04/2021,Barcelona,Valladolid,1,0,H
2021,SP1,07/04/2021,Sociedad,Ath Bilbao,1,1,D
2021,SP1,09/04/2021,Huesca,Elche,3,1,H
2021,SP1,10/04/2021,Getafe,Cadiz,0,1,A
2021,SP1,10/04/2021,Ath Bilbao,Alaves,0,0,D
2021,SP1,10/04/2021,Eibar,Levante,0,1,A
2021,SP1,10/04/2021,Real Madrid,Barcelona,2,1,H
2021,SP1,11/04/2021,Villarreal,Osasuna,1,2,A
2021,SP1,11/04/2021,Valencia,Sociedad,2,2,D
2021,SP1,11/04/2021,Valladolid,Granada,1,2,A
2021,SP1,11/04/2021,Betis,Ath Madrid,1,1,D
2021,SP1,12/04/2021,Celta,Sevilla,3,4,A
2021,SP1,18/04/2021,Osasuna,Elche,2,0,H
2021,SP1,18/04/2021,Sociedad,Sevilla,1,2,A
2021,SP1,18/04/2021,Alaves,Huesca,1,0,H
2021,SP1,18/04/2021,Ath Madrid,Eibar,5,0,H
2021,SP1,18/04/2021,Betis,Valencia,2,2,D
2021,SP1,18/04/2021,Cadiz,Celta,0,0,D
2021,SP1,18/04/2021,Getafe,Real Madrid,0,0,D
2021,SP1,18/04/2021,Levante,Villarreal,1,5,A
2021,SP1,21/04/2021,Levante,Sevilla,0,1,A
2021,SP1,21/04/2021,Osasuna,Valencia,3,1,H
2021,SP1,21/04/2021,Betis,Ath Bilbao,0,0,D
2021,SP1,21/04/2021,Alaves,Villarreal,2,1,H
2021,SP1,21/04/2021,Elche,Valladolid,1,1,D
2021,SP1,21/04/2021,Cadiz,Real Madrid,0,3,A
2021,SP1,22/04/2021,Ath Madrid,Huesca,2,0,H
2021,SP1,22/04/2021,Granada,Eibar,4,1,H
2021,SP1,22/04/2021,Sociedad,Celta,2,1,H
2021,SP1,22/04/2021,Barcelona,Getafe,5,2,H
2021,SP1,24/04/2021,Elche,Levante,1,0,H
2021,SP1,24/04/2021,Valladolid,Cadiz,1,1,D
2021,SP1,24/04/2021,Valencia,Alaves,1,1,D
2021,SP1,24/04/2021,Real Madrid,Betis,0,0,D
2021,SP1,25/04/2021,Huesca,Getafe,0,2,A
2021,SP1,25/04/2021,Villarreal,Barcelona,1,2,A
2021,SP1,25/04/2021,Celta,Osasuna,2,1,H
2021,SP1,25/04/2021,Sevilla,Granada,2,1,H
2021,SP1,25/04/2021,Ath Bilbao,Ath Madrid,2,1,H
2021,SP1,26/04/2021,Eibar,Sociedad,0,1,A
2021,SP1,28/04/2021,Ath Bilbao,Valladolid,2,2,D
2021,SP1,29/04/2021,Barcelona,Granada,1,2,A
2021,SP1,30/04/2021,Celta,Levante,2,0,H
2021,SP1,01/05/2021,Eibar,Alaves,3,0,H
2021,SP1,01/05/2021,Elche,Ath Madrid,0,1,A
2021,SP1,01/05/2021,Huesca,Sociedad,1,0,H
2021,SP1,01/05/2021,Real Madrid,Osasuna,2,0,H
2021,SP1,02/05/2021,Valladolid,Betis,1,1,D
2021,SP1,02/05/2021,Villarreal,Getafe,1,0,H
2021,SP1,02/05/2021,Granada,Cadiz,0,1,A
2021,SP1,02/05/2021,Valencia,Barcelona,2,3,A
2021,SP1,03/05/2021,Sevilla,Ath Bilbao,0,1,A
2021,SP1,07/05/2021,Sociedad,Elche,2,0,H
2021,SP1,08/05/2021,Alaves,Levante,2,2,D
2021,SP1,08/05/2021,Barcelona,Ath Madrid,0,0,D
2021,SP1,08/05/2021,Cadiz,Huesca,2,1,H
2021,SP1,08/05/2021,Ath Bilbao,Osasuna,2,2,D
2021,SP1,09/05/2021,Getafe,Eibar,0,1,A
2021,SP1,09/05/2021,Valencia,Valladolid,3,0,H
2021,SP1,09/05/2021,Villarreal,Celta,2,4,A
2021,SP1,09/05/2021,Real Madrid,Sevilla,2,2,D
2021,SP1,10/05/2021,Betis,Granada,2,1,H
2021,SP1,11/05/2021,Osasuna,Cadiz,3,2,H
2021,SP1,11/05/2021,Elche,Alaves,0,2,A
2021,SP1,11/05/2021,Levante,Barcelona,3,3,D
2021,SP1,12/05/2021,Sevilla,Valencia,1,0,H
2021,SP1,12/05/2021,Celta,Getafe,1,0,H
2021,SP1,12/05/2021,Huesca,Ath Bilbao,1,0,H
2021,SP1,12/05/2021,Ath Madrid,Sociedad,2,1,H
2021,SP1,13/05/2021,Valladolid,Villarreal,0,2,A
2021,SP1,13/05/2021,Eibar,Betis,1,1,D
2021,SP1,13/05/2021,Granada,Real Madrid,1,4,A
2021,SP1,16/05/2021,Alaves,Granada,4,2,H
2021,SP1,16/05/2021,Ath Bilbao,Real Madrid,0,1,A
2021,SP1,16/05/2021,Ath Madrid,Osasuna,2,1,H
2021,SP1,16/05/2021,Barcelona,Celta,1,2,A
2021,SP1,16/05/2021,Betis,Huesca,1,0,H
2021,SP1,16/05/2021,Cadiz,Elche,1,3,A
2021,SP1,16/05/2021,Getafe,Levante,2,1,H
2021,SP1,16/05/2021,Sociedad,Valladolid,4,1,H
2021,SP1,16/05/2021,Valencia,Eibar,4,1,H
2021,SP1,16/05/2021,Villarreal,Sevilla,4,0,H
2021,SP1,21/05/2021,Levante,Cadiz,2,2,D
2021,SP1,22/05/2021,Celta,Betis,2,3,A
2021,SP1,22/05/2021,Eibar,Barcelona,0,1,A
2021,SP1,22/05/2021,Elche,Ath Bilbao,2,0,H
2021,SP1,22/05/2021,Huesca,Valencia,0,0,D
2021,SP1,22/05/2021,Osasuna,Sociedad,0,1,A
2021,SP1,22/05/2021,Real Madrid,Villarreal,2,1,H
2021,SP1,22/05/2021,Valladolid,Ath Madrid,1,2,A
2021,SP1,23/05/2021,Granada,Getafe,0,0,D
2021,SP1,23/05/2021,Sevilla,Alaves,1,0,H
2021,SP1,13/08/2021,Valencia,Getafe,1,0,H
2021,SP1,14/08/2021,Cadiz,Levante,1,1,D
2021,SP1,14/08/2021,Mallorca,Betis,1,1,D
2021,SP1,14/08/2021,Alaves,Real Madrid,1,4,A
2021,SP1,14/08/2021,Osasuna,Espanol,0,0,D
2021,SP1,15/08/2021,Celta,Ath Madrid,1,2,A
2021,SP1,15/08/2021,Barcelona,Sociedad,4,2,H
2021,SP1,15/08/2021,Sevilla,Vallecano,3,0,H
2021,SP1,16/08/2021,Villarreal,Granada,0,0,D
2021,SP1,16/08/2021,Elche,Ath Bilbao,0,0,D
2021,SP1,20/08/2021,Betis,Cadiz,1,1,D
2021,SP1,21/08/2021,Alaves,Mallorca,0,1,A
2021,SP1,21/08/2021,Espanol,Villarreal,0,0,D
2021,SP1,21/08/2021,Granada,Valencia,1,1,D
2021,SP1,21/08/2021,Ath Bilbao,Barcelona,1,1,D
2021,SP1,22/08/2021,Sociedad,Vallecano,1,0,H
2021,SP1,22/08/2021,Ath Madrid,Elche,1,0,H
2021,SP1,22/08/2021,Levante,Real Madrid,3,3,D
2021,SP1,23/08/2021,Getafe,Sevilla,0,1,A
2021,SP1,23/08/2021,Osasuna,Celta,0,0,D
2021,SP1,27/08/2021,Mallorca,Espanol,1,0,H
2021,SP1,27/08/2021,Valencia,Alaves,3,0,H
2021,SP1,28/08/2021,Celta,Ath Bilbao,0,1,A
2021,SP1,28/08/2021,Elche,Sevilla,1,1,D
2021,SP1,28/08/2021,Sociedad,Levante,1,0,H
2021,SP1,28/08/2021,Betis,Real Madrid,0,1,A
2021,SP1,29/08/2021,Barcelona,Getafe,2,1,H
2021,SP1,29/08/2021,Cadiz,Osasuna,2,3,A
2021,SP1,29/08/2021,Vallecano,Granada,4,0,H
2021,SP1,29/08/2021,Ath Madrid,Villarreal,2,2,D
2021,SP1,11/09/2021,Levante,Vallecano,1,1,D
2021,SP1,11/09/2021,Ath Bilbao,Mallorca,2,0,H
2021,SP1,12/09/2021,Espanol,Ath Madrid,1,2,A
2021,SP1,12/09/2021,Osasuna,Valencia,1,4,A
2021,SP1,12/09/2021,Cadiz,Sociedad,0,2,A
2021,SP1,12/09/2021,Real Madrid,Celta,5,2,H
2021,SP1,13/09/2021,Getafe,Elche,0,1,A
2021,SP1,13/09/2021,Granada,Betis,1,2,A
2021,SP1,17/09/2021,Celta,Cadiz,1,2,A
2021,SP1,18/09/2021,Vallecano,Getafe,3,0,H
2021,SP1,18/09/2021,Ath Madrid,Ath Bilbao,0,0,D
2021,SP1,18/09/2021,Elche,Levante,1,1,D
2021,SP1,18/09/2021,Alaves,Osasuna,0,2,A
2021,SP1,19/09/2021,Mallorca,Villarreal,0,0,D
2021,SP1,19/09/2021,Sociedad,Sevilla,0,0,D
2021,SP1,19/09/2021,Betis,Espanol,2,2,D
2021,SP1,19/09/2021,Valencia,Real Madrid,1,2,A
2021,SP1,20/09/2021,Barcelona,Granada,1,1,D
2021,SP1,21/09/2021,Getafe,Ath Madrid,1,2,A
2021,SP1,21/09/2021,Ath Bilbao,Vallecano,1,2,A
2021,SP1,21/09/2021,Levante,Celta,0,2,A
2021,SP1,22/09/2021,Espanol,Alaves,1,0,H
2021,SP1,22/09/2021,Sevilla,Valencia,3,1,H
2021,SP1,22/09/2021,Real Madrid,Mallorca,6,1,H
2021,SP1,22/09/2021,Villarreal,Elche,4,1,H
2021,SP1,23/09/2021,Granada,Sociedad,2,3,A
2021,SP1,23/09/2021,Osasuna,Betis,1,3,A
2021,SP1,23/09/2021,Cadiz,Barcelona,0,0,D
2021,SP1,25/09/2021,Alaves,Ath Madrid,1,0,H
2021,SP1,25/09/2021,Valencia,Ath Bilbao,1,1,D
2021,SP1,25/09/2021,Sevilla,Espanol,2,0,H
2021,SP1,25/09/2021,Real Madrid,Villarreal,0,0,D
2021,SP1,26/09/2021,Mallorca,Osasuna,2,3,A
2021,SP1,26/09/2021,Barcelona,Levante,3,0,H
2021,SP1,26/09/2021,Sociedad,Elche,1,0,H
2021,SP1,26/09/2021,Vallecano,Cadiz,3,1,H
2021,SP1,26/09/2021,Betis,Getafe,2,0,H
2021,SP1,27/09/2021,Celta,Granada,1,0,H
2021,SP1,01/10/2021,Ath Bilbao,Alaves,1,0,H
2021,SP1,02/10/2021,Osasuna,Vallecano,1,0,H
2021,SP1,02/10/2021,Mallorca,Levante,1,0,H
2021,SP1,02/10/2021,Cadiz,Valencia,0,0,D
2021,SP1,02/10/2021,Ath Madrid,Barcelona,2,0,H
2021,SP1,03/10/2021,Elche,Celta,1,0,H
2021,SP1,03/10/2021,Espanol,Real Madrid,2,1,H
2021,SP1,03/10/2021,Getafe,Sociedad,1,1,D
2021,SP1,03/10/2021,Villarreal,Betis,2,0,H
2021,SP1,03/10/2021,Granada,Sevilla,1,0,H
2021,SP1,16/10/2021,Levante,Getafe,0,0,D
2021,SP1,16/10/2021,Sociedad,Mallorca,1,0,H
2021,SP1,17/10/2021,Vallecano,Elche,2,1,H
2021,SP1,17/10/2021,Celta,Sevilla,0,1,A
2021,SP1,17/10/2021,Villarreal,Osasuna,1,2,A
2021,SP1,17/10/2021,Barcelona,Valencia,3,1,H
2021,SP1,18/10/2021,Alaves,Betis,0,1,A
2021,SP1,18/10/2021,Espanol,Cadiz,2,0,H
2021,SP1,22/10/2021,Osasuna,Granada,1,1,D
2021,SP1,23/10/2021,Valencia,Mallorca,2,2,D
2021,SP1,23/10/2021,Cadiz,Alaves,0,2,A
2021,SP1,23/10/2021,Elche,Espanol,2,2,D
2021,SP1,23/10/2021,Ath Bilbao,Villarreal,2,1,H
2021,SP1,24/10/2021,Sevilla,Levante,5,3,H
2021,SP1,24/10/2021,Barcelona,Real Madrid,1,2,A
2021,SP1,24/10/2021,Betis,Vallecano,3,2,H
2021,SP1,24/10/2021,Ath Madrid,Sociedad,2,2,D
2021,SP1,25/10/2021,Getafe,Celta,0,3,A
2021,SP1,26/10/2021,Alaves,Elche,1,0,H
2021,SP1,26/10/2021,Espanol,Ath Bilbao,1,1,D
2021,SP1,26/10/2021,Villarreal,Cadiz,3,3,D
2021,SP1,27/10/2021,Mallorca,Sevilla,1,1,D
2021,SP1,27/10/2021,Vallecano,Barcelona,1,0,H
2021,SP1,27/10/2021,Betis,Valencia,4,1,H
2021,SP1,27/10/2021,Real Madrid,Osasuna,0,0,D
2021,SP1,28/10/2021,Celta,Sociedad,0,2,A
2021,SP1,28/10/2021,Granada,Getafe,1,1,D
2021,SP1,28/10/2021,Levante,Ath Madrid,2,2,D
2021,SP1,30/10/2021,Elche,Real Madrid,1,2,A
2021,SP1,30/10/2021,Sevilla,Osasuna,2,0,H
2021,SP1,30/10/2021,Valencia,Villarreal,2,0,H
2021,SP1,30/10/2021,Barcelona,Alaves,1,1,D
2021,SP1,31/10/2021,Cadiz,Mallorca,1,1,D
2021,SP1,31/10/2021,Ath Madrid,Betis,3,0,H
2021,SP1,31/10/2021,Getafe,Espanol,2,1,H
2021,SP1,31/10/2021,Sociedad,Ath Bilbao,1,1,D
2021,SP1,01/11/2021,Vallecano,Celta,0,0,D
2021,SP1,01/11/2021,Levante,Granada,0,3,A
2021,SP1,05/11/2021,Ath Bilbao,Cadiz,0,1,A
2021,SP1,06/11/2021,Espanol,Granada,2,0,H
2021,SP1,06/11/2021,Celta,Barcelona,3,3,D
2021,SP1,06/11/2021,Alaves,Levante,2,1,H
2021,SP1,06/11/2021,Real Madrid,Vallecano,2,1,H
2021,SP1,07/11/2021,Villarreal,Getafe,1,0,H
2021,SP1,07/11/2021,Valencia,Ath Madrid,3,3,D
2021,SP1,07/11/2021,Mallorca,Elche,2,2,D
2021,SP1,07/11/2021,Osasuna,Sociedad,0,2,A
2021,SP1,07/11/2021,Betis,Sevilla,0,2,A
2021,SP1,19/11/2021,Levante,Ath Bilbao,0,0,D
2021,SP1,20/11/2021,Celta,Villarreal,1,1,D
2021,SP1,20/11/2021,Sevilla,Alaves,2,2,D
2021,SP1,20/11/2021,Ath Madrid,Osasuna,1,0,H
2021,SP1,20/11/2021,Barcelona,Espanol,1,0,H
2021,SP1,21/11/2021,Getafe,Cadiz,4,0,H
2021,SP1,21/11/2021,Granada,Real Madrid,1,4,A
2021,SP1,21/11/2021,Elche,Betis,0,3,A
2021,SP1,21/11/2021,Sociedad,Valencia,0,0,D
2021,SP1,22/11/2021,Vallecano,Mallorca,3,1,H
2021,SP1,26/11/2021,Ath Bilbao,Granada,2,2,D
2021,SP1,27/11/2021,Alaves,Celta,1,2,A
2021,SP1,27/11/2021,Valencia,Vallecano,1,1,D
2021,SP1,27/11/2021,Mallorca,Getafe,0,0,D
2021,SP1,27/11/2021,Villarreal,Barcelona,1,3,A
2021,SP1,28/11/2021,Betis,Levante,3,1,H
2021,SP1,28/11/2021,Espanol,Sociedad,1,0,H
2021,SP1,28/11/2021,Cadiz,Ath Madrid,1,4,A
2021,SP1,28/11/2021,Real Madrid,Sevilla,2,1,H
2021,SP1,29/11/2021,Osasuna,Elche,1,1,D
2021,SP1,01/12/2021,Real Madrid,Ath Bilbao,1,0,H
2021,SP1,03/12/2021,Granada,Alaves,2,1,H
2021,SP1,04/12/2021,Sevilla,Villarreal,1,0,H
2021,SP1,04/12/2021,Barcelona,Betis,0,1,A
2021,SP1,04/12/2021,Ath Madrid,Mallorca,1,2,A
2021,SP1,04/12/2021,Sociedad,Real Madrid,0,2,A
2021,SP1,05/12/2021,Vallecano,Espanol,1,0,H
2021,SP1,05/12/2021,Elche,Cadiz,3,1,H
2021,SP1,05/12/2021,Levante,Osasuna,0,0,D
2021,SP1,05/12/2021,Celta,Valencia,1,2,A
2021,SP1,06/12/2021,Getafe,Ath Bilbao,0,0,D
2021,SP1,10/12/2021,Mallorca,Celta,0,0,D
2021,SP1,11/12/2021,Espanol,Levante,4,3,H
2021,SP1,11/12/2021,Alaves,Getafe,1,1,D
2021,SP1,11/12/2021,Valencia,Elche,2,1,H
2021,SP1,11/12/2021,Ath Bilbao,Sevilla,0,1,A
2021,SP1,12/12/2021,Villarreal,Vallecano,2,0,H
2021,SP1,12/12/2021,Osasuna,Barcelona,2,2,D
2021,SP1,12/12/2021,Betis,Sociedad,4,0,H
2021,SP1,12/12/2021,Real Madrid,Ath Madrid,2,0,H
2021,SP1,13/12/2021,Cadiz,Granada,1,1,D
2021,SP1,17/12/2021,Celta,Espanol,3,1,H
2021,SP1,18/12/2021,Vallecano,Alaves,2,0,H
2021,SP1,18/12/2021,Sociedad,Villarreal,1,3,A
2021,SP1,18/12/2021,Barcelona,Elche,3,2,H
2021,SP1,18/12/2021,Sevilla,Ath Madrid,2,1,H
2021,SP1,19/12/2021,Granada,Mallorca,4,1,H
2021,SP1,19/12/2021,Ath Bilbao,Betis,3,2,H
2021,SP1,19/12/2021,Getafe,Osasuna,1,0,H
2021,SP1,19/12/2021,Real Madrid,Cadiz,0,0,D
2021,SP1,20/12/2021,Levante,Valencia,3,4,A
2021,SP1,21/12/2021,Villarreal,Alaves,5,2,H
2021,SP1,21/12/2021,Sevilla,Barcelona,1,1,D
2021,SP1,22/12/2021,Granada,Ath Madrid,2,1,H
2021,SP1,22/12/2021,Ath Bilbao,Real Madrid,1,2,A
2021,SP1,31/12/2021,Valencia,Espanol,1,2,A
2022,SP1,02/01/2022,Getafe,Real Madrid,1,0,H
2022,SP1,02/01/2022,Ath Madrid,Vallecano,2,0,H
2022,SP1,02/01/2022,Elche,Granada,0,0,D
2022,SP1,02/01/2022,Alaves,Sociedad,1,1,D
2022,SP1,02/01/2022,Betis,Celta,0,2,A
2022,SP1,02/01/2022,Mallorca,Barcelona,0,1,A
2022,SP1,03/01/2022,Villarreal,Levante,5,0,H
2022,SP1,03/01/2022,Osasuna,Ath Bilbao,1,3,A
2022,SP1,03/01/2022,Cadiz,Sevilla,0,1,A
2022,SP1,08/01/2022,Levante,Mallorca,2,0,H
2022,SP1,08/01/2022,Sociedad,Celta,1,0,H
2022,SP1,08/01/2022,Granada,Barcelona,1,1,D
2022,SP1,08/01/2022,Real Madrid,Valencia,4,1,H
2022,SP1,09/01/2022,Vallecano,Betis,1,1,D
2022,SP1,09/01/2022,Sevilla,Getafe,1,0,H
2022,SP1,09/01/2022,Alaves,Ath Bilbao,0,0,D
2022,SP1,09/01/2022,Osasuna,Cadiz,2,0,H
2022,SP1,09/01/2022,Villarreal,Ath Madrid,2,2,D
2022,SP1,10/01/2022,Espanol,Elche,1,2,A
2022,SP1,16/01/2022,Elche,Villarreal,1,0,H
2022,SP1,18/01/2022,Betis,Alaves,4,0,H
2022,SP1,18/01/2022,Cadiz,Espanol,2,2,D
2022,SP1,19/01/2022,Celta,Osasuna,2,0,H
2022,SP1,19/01/2022,Valencia,Sevilla,1,1,D
2022,SP1,20/01/2022,Getafe,Granada,4,2,H
2022,SP1,21/01/2022,Espanol,Betis,1,4,A
2022,SP1,22/01/2022,Levante,Cadiz,0,2,A
2022,SP1,22/01/2022,Villarreal,Mallorca,3,0,H
2022,SP1,22/01/2022,Sevilla,Celta,2,2,D
2022,SP1,22/01/2022,Ath Madrid,Valencia,3,2,H
2022,SP1,23/01/2022,Granada,Osasuna,0,2,A
2022,SP1,23/01/2022,Real Madrid,Elche,2,2,D
2022,SP1,23/01/2022,Sociedad,Getafe,0,0,D
2022,SP1,23/01/2022,Vallecano,Ath Bilbao,0,1,A
2022,SP1,23/01/2022,Alaves,Barcelona,0,1,A
2022,SP1,04/02/2022,Getade,Levante,0,0,F
2022,SP1,05/02/2022,Elche,Alaves,0,0,F
2022,SP1,05/02/2022,Mallorca,Cadiz,0,0,F
2022,SP1,05/02/2022,Celta,Vallecano,0,0,F
2022,SP1,05/02/2022,Osasuna,Sevilla,0,0,F
2022,SP1,06/02/2022,Valencia,Sociedad,0,0,F
2022,SP1,06/02/2022,Barcelona,Ath Madrid,0,0,F
2022,SP1,06/02/2022,Betis,Villarreal,0,0,F
2022,SP1,06/02/2022,Real Madrid,Granada,0,0,F
2022,SP1,07/02/2022,Ath Bilbao,Espanol,0,0,F
2022,SP1,13/02/2022,Alaves,Valencia,0,0,F
2022,SP1,13/02/2022,Ath Madrid,Getafe,0,0,F
2022,SP1,13/02/2022,Mallorca,Ath Bilbao,0,0,F
2022,SP1,13/02/2022,Cadiz,Celta,0,0,F
2022,SP1,13/02/2022,Espanol,Barcelona,0,0,F
2022,SP1,13/02/2022,Levante,Betis,0,0,F
2022,SP1,13/02/2022,Villarreal,Real Madrid,0,0,F
2022,SP1,13/02/2022,Vallecano,Osasuna,0,0,F
2022,SP1,13/02/2022,Sevilla,Elche,0,0,F
2022,SP1,13/02/2022,Sociedad,Granada,0,0,F
2022,SP1,20/02/2022,Real Madrid,Alaves,0,0,F
2022,SP1,20/02/2022,Osasuna,Ath Madrid,0,0,F
2022,SP1,20/02/2022,Ath Bilbao,Sociedad,0,0,F
2022,SP1,20/02/2022,Betis,Mallorca,0,0,F
2022,SP1,20/02/2022,Celta,Levante,0,0,F
2022,SP1,20/02/2022,Cadiz,Getafe,0,0,F
2022,SP1,20/02/2022,Granada,Villarreal,0,0,F
2022,SP1,20/02/2022,Espanol,Sevilla,0,0,F
2022,SP1,20/02/2022,Elche,Vallecano,0,0,F
2022,SP1,20/02/2022,Valencia,Barcelona,0,0,F
2022,SP1,27/02/2022,Ath Madrid,Celta,0,0,F
2022,SP1,27/02/2022,Barcelona,Ath Bilbao,0,0,F
2022,SP1,27/02/2022,Mallorca,Valencia,0,0,F
2022,SP1,27/02/2022,Getafe,Alaves,0,0,F
2022,SP1,27/02/2022,Granada,Cadiz,0,0,F
2022,SP1,27/02/2022,Levante,Elche,0,0,F
2022,SP1,27/02/2022,Villarreal,Espanol,0,0,F
2022,SP1,27/02/2022,Vallecano,Real Madrid,0,0,F
2022,SP1,27/02/2022,Sevilla,Betis,0,0,F
2022,SP1,27/02/2022,Sociedad,Osasuna,0,0,F
2022,SP1,06/03/2022,Alaves,Sevilla,0,0,F
2022,SP1,06/03/2022,Ath Bilbao,Levante,0,0,F
2022,SP1,06/03/2022,Betis,Ath Madrid,0,0,F
2022,SP1,06/03/2022,Celta,Mallorca,0,0,F
2022,SP1,06/03/2022,Cadiz,Vallecano,0,0,F
2022,SP1,06/03/2022,Espanol,Getafe,0,0,F
2022,SP1,06/03/2022,Elche,Barcelona,0,0,F
2022,SP1,06/03/2022,Valencia,Granada,0,0,F
2022,SP1,06/03/2022,Real Madrid,Sociedad,0,0,F
2022,SP1,06/03/2022,Villarreal,Villarreal,0,0,F
2022,SP1,13/03/2022,Ath Madrid,Cadiz,0,0,F
2022,SP1,13/03/2022,Barcelona,Osasuna,0,0,F
2022,SP1,13/03/2022,Betis,Ath Bilbao,0,0,F
2022,SP1,13/03/2022,Mallorca,Real Madrid,0,0,F
2022,SP1,13/03/2022,Getafe,Valencia,0,0,F
2022,SP1,13/03/2022,Granada,Elche,0,0,F
2022,SP1,13/03/2022,Villarreal,Celta,0,0,F
2022,SP1,13/03/2022,Vallecano,Sevilla,0,0,F
2022,SP1,13/03/2022,Sociedad,Alaves,0,0,F
2022,SP1,13/03/2022,Levante,Espanol,0,0,F
2022,SP1,20/03/2022,Espanol,Mallorca,0,0,F
2022,SP1,20/03/2022,Osasuna,Levante,0,0,F
2022,SP1,20/03/2022,Elche,Valencia,0,0,F
2022,SP1,20/03/2022,Vallecano,Ath Madrid,0,0,F
2022,SP1,20/03/2022,Sevilla,Sociedad,0,0,F
2022,SP1,20/03/2022,Real Madrid,Barcelona,0,0,F
2022,SP1,20/03/2022,Alaves,Granada,0,0,F
2022,SP1,20/03/2022,Ath Bilbao,Getafe,0,0,F
2022,SP1,20/03/2022,Celta,Betis,0,0,F
2022,SP1,20/03/2022,Cadiz,Villarreal,0,0,F
2022,SP1,03/04/2022,Ath Bilbao,Elche,0,0,F
2022,SP1,03/04/2022,Ath Madrid,Alaves,0,0,F
2022,SP1,03/04/2022,Barcelona,Sevilla,0,0,F
2022,SP1,03/04/2022,Betis,Osasuna,0,0,F
2022,SP1,03/04/2022,Celta,Real Madrid,0,0,F
2022,SP1,03/04/2022,Getafe,Mallorca,0,0,F
2022,SP1,03/04/2022,Valencia,Cadiz,0,0,F
2022,SP1,03/04/2022,Sociedad,Espanol,0,0,F
2022,SP1,03/04/2022,Levante,Villarreal,0,0,F
2022,SP1,03/04/2022,Granada,Vallecano,0,0,F
2022,SP1,10/04/2022,Vallecano,Valencia,0,0,F
2022,SP1,10/04/2022,Sevilla,Granada,0,0,F
2022,SP1,10/04/2022,Mallorca,Ath Madrid,0,0,F
2022,SP1,10/04/2022,Cadiz,Betis,0,0,F
2022,SP1,10/04/2022,Espanol,Celta,0,0,F
2022,SP1,10/04/2022,Levante,Barcelona,0,0,F
2022,SP1,10/04/2022,Osasuna,Alaves,0,0,F
2022,SP1,10/04/2022,Real Madrid,Getafe,0,0,F
2022,SP1,10/04/2022,Elche,Sociedad,0,0,F
2022,SP1,10/04/2022,Villarreal,Ath Bilbao,0,0,F
2022,SP1,17/04/2022,Elche,Mallorca,0,0,F
2022,SP1,17/04/2022,Valencia,Osasuna,0,0,F
2022,SP1,17/04/2022,Sevilla,Real Madrid,0,0,F
2022,SP1,17/04/2022,Sociedad,Betis,0,0,F
2022,SP1,17/04/2022,Alaves,Vallecano,0,0,F
2022,SP1,17/04/2022,Ath Bilbao,Celta,0,0,F
2022,SP1,17/04/2022,Ath Madrid,Espanol,0,0,F
2022,SP1,17/04/2022,Barcelona,Cadiz,0,0,F
2022,SP1,17/04/2022,Getafe,Villarreal,0,0,F
2022,SP1,17/04/2022,Granada,Levante,0,0,F
2022,SP1,20/04/2022,Ath Madrid,Granada,0,0,F
2022,SP1,20/04/2022,Betis,Elche,0,0,F
2022,SP1,20/04/2022,Celta,Getafe,0,0,F
2022,SP1,20/04/2022,Mallorca,Alaves,0,0,F
2022,SP1,20/04/2022,Cadiz,Ath Bilbao,0,0,F
2022,SP1,20/04/2022,Espanol,Vallecano,0,0,F
2022,SP1,20/04/2022,Villarreal,Valencia,0,0,F
2022,SP1,20/04/2022,Sociedad,Barcelona,0,0,F
2022,SP1,20/04/2022,Osasuna,Real Madrid,0,0,F
2022,SP1,20/04/2022,Levante,Sevilla,0,0,F
2022,SP1,01/05/2022,Alaves,Villarreal,0,0,F
2022,SP1,01/05/2022,Ath Bilbao,Ath Madrid,0,0,F
2022,SP1,01/05/2022,Barcelona,Mallorca,0,0,F
2022,SP1,01/05/2022,Getafe,Betis,0,0,F
2022,SP1,01/05/2022,Granada,Celta,0,0,F
2022,SP1,01/05/2022,Real Madrid,Espanol,0,0,F
2022,SP1,01/05/2022,Elche,Osasuna,0,0,F
2022,SP1,01/05/2022,Vallecano,Sociedad,0,0,F
2022,SP1,01/05/2022,Valencia,Levante,0,0,F
2022,SP1,01/05/2022,Sevilla,Cadiz,0,0,F
2022,SP1,08/05/2022,Mallorca,Granada,0,0,F
2022,SP1,08/05/2022,Getafe,Vallecano,0,0,F
2022,SP1,08/05/2022,Villarreal,Sevilla,0,0,F
2022,SP1,08/05/2022,Levante,Sociedad,0,0,F
2022,SP1,08/05/2022,Espanol,Osasuna,0,0,F
2022,SP1,08/05/2022,Cadiz,Elche,0,0,F
2022,SP1,08/05/2022,Ath Bilbao,Valencia,0,0,F
2022,SP1,08/05/2022,Ath Madrid,Real Madrid,0,0,F
2022,SP1,08/05/2022,Betis,Barcelona,0,0,F
2022,SP1,08/05/2022,Celta,Alaves,0,0,F
2022,SP1,11/05/2022,Alaves,Espanol,0,0,F
2022,SP1,11/05/2022,Barcelona,Celta,0,0,F
2022,SP1,11/05/2022,Granada,Ath Bilbao,0,0,F
2022,SP1,11/05/2022,Osasuna,Getafe,0,0,F
2022,SP1,11/05/2022,Real Madrid,Levante,0,0,F
2022,SP1,11/05/2022,Sociedad,Cadiz,0,0,F
2022,SP1,11/05/2022,Elche,Ath Madrid,0,0,F
2022,SP1,11/05/2022,Vallecano,Villarreal,0,0,F
2022,SP1,11/05/2022,Valencia,Betis,0,0,F
2022,SP1,11/05/2022,Sevilla,Mallorca,0,0,F
2022,SP1,15/05/2022,Espanol,Valencia,0,0,F
2022,SP1,15/05/2022,Cadiz,Real Madrid,0,0,F
2022,SP1,15/05/2022,Ath Bilbao,Osasuna,0,0,F
2022,SP1,15/05/2022,Ath Madrid,Sevilla,0,0,F
2022,SP1,15/05/2022,Betis,Granada,0,0,F
2022,SP1,15/05/2022,Celta,Elche,0,0,F
2022,SP1,15/05/2022,Mallorca,Vallecano,0,0,F
2022,SP1,15/05/2022,Getafe,Barcelona,0,0,F
2022,SP1,15/05/2022,Villarreal,Sociedad,0,0,F
2022,SP1,15/05/2022,Levante,Alaves,0,0,F
2022,SP1,22/05/2022,Barcelona,Villarreal,0,0,F
2022,SP1,22/05/2022,Granada,Espanol,0,0,F
2022,SP1,22/05/2022,Osasuna,Mallorca,0,0,F
2022,SP1,22/05/2022,Real Madrid,Betis,0,0,F
2022,SP1,22/05/2022,Sociedad,Ath Madrid,0,0,F
2022,SP1,22/05/2022,Sevilla,Ath Bilbao,0,0,F
2022,SP1,22/05/2022,Valencia,Celta,0,0,F
2022,SP1,22/05/2022,Vallecano,Levante,0,0,F
2022,SP1,22/05/2022,Elche,Getafe,0,0,F
2022,SP1,22/05/2022,Alaves,Cadiz,0,0,F
